-- MySQL dump 10.13  Distrib 8.0.31, for Linux (x86_64)
--
-- Host: 127.0.0.1    Database: SmartHome
-- ------------------------------------------------------
-- Server version	8.0.31-0ubuntu0.22.04.1

/*!40101 SET @OLD_CHARACTER_SET_CLIENT=@@CHARACTER_SET_CLIENT */;
/*!40101 SET @OLD_CHARACTER_SET_RESULTS=@@CHARACTER_SET_RESULTS */;
/*!40101 SET @OLD_COLLATION_CONNECTION=@@COLLATION_CONNECTION */;
/*!50503 SET NAMES utf8mb4 */;
/*!40103 SET @OLD_TIME_ZONE=@@TIME_ZONE */;
/*!40103 SET TIME_ZONE='+00:00' */;
/*!40014 SET @OLD_UNIQUE_CHECKS=@@UNIQUE_CHECKS, UNIQUE_CHECKS=0 */;
/*!40014 SET @OLD_FOREIGN_KEY_CHECKS=@@FOREIGN_KEY_CHECKS, FOREIGN_KEY_CHECKS=0 */;
/*!40101 SET @OLD_SQL_MODE=@@SQL_MODE, SQL_MODE='NO_AUTO_VALUE_ON_ZERO' */;
/*!40111 SET @OLD_SQL_NOTES=@@SQL_NOTES, SQL_NOTES=0 */;

--
-- Table structure for table `ac`
--

DROP TABLE IF EXISTS `ac`;
/*!40101 SET @saved_cs_client     = @@character_set_client */;
/*!50503 SET character_set_client = utf8mb4 */;
CREATE TABLE `ac` (
  `t_atual` double DEFAULT NULL,
  `t_max` double DEFAULT NULL,
  `t_min` double DEFAULT NULL,
  `id` int NOT NULL,
  PRIMARY KEY (`id`),
  CONSTRAINT `FKrpa9vbirduqwoicsr0ndcjn6c` FOREIGN KEY (`id`) REFERENCES `dispositivo` (`id`)
) ENGINE=InnoDB DEFAULT CHARSET=utf8mb4 COLLATE=utf8mb4_0900_ai_ci;
/*!40101 SET character_set_client = @saved_cs_client */;

--
-- Dumping data for table `ac`
--

LOCK TABLES `ac` WRITE;
/*!40000 ALTER TABLE `ac` DISABLE KEYS */;
INSERT INTO `ac` VALUES (22,35,20,5),(22.5,31,9,11),(23.5,30.5,9.5,20);
/*!40000 ALTER TABLE `ac` ENABLE KEYS */;
UNLOCK TABLES;

--
-- Table structure for table `alerta`
--

DROP TABLE IF EXISTS `alerta`;
/*!40101 SET @saved_cs_client     = @@character_set_client */;
/*!50503 SET character_set_client = utf8mb4 */;
CREATE TABLE `alerta` (
  `id` int NOT NULL AUTO_INCREMENT,
  `sensor` varchar(255) NOT NULL,
  `stamp` datetime(6) DEFAULT NULL,
  `valor` double NOT NULL,
  `id_divisao` int NOT NULL,
  PRIMARY KEY (`id`),
  KEY `FKly5lw30ev4fhbw6s3rvv6tvi2` (`id_divisao`),
  CONSTRAINT `FKly5lw30ev4fhbw6s3rvv6tvi2` FOREIGN KEY (`id_divisao`) REFERENCES `divisao` (`id`)
) ENGINE=InnoDB AUTO_INCREMENT=3 DEFAULT CHARSET=utf8mb4 COLLATE=utf8mb4_0900_ai_ci;
/*!40101 SET character_set_client = @saved_cs_client */;

--
-- Dumping data for table `alerta`
--

LOCK TABLES `alerta` WRITE;
/*!40000 ALTER TABLE `alerta` DISABLE KEYS */;
INSERT INTO `alerta` VALUES (1,'temperatura','2022-12-13 23:53:00.000000',100,2),(2,'temperatura','2022-12-13 23:53:00.000000',100,2);
/*!40000 ALTER TABLE `alerta` ENABLE KEYS */;
UNLOCK TABLES;

--
-- Table structure for table `casa`
--

DROP TABLE IF EXISTS `casa`;
/*!40101 SET @saved_cs_client     = @@character_set_client */;
/*!50503 SET character_set_client = utf8mb4 */;
CREATE TABLE `casa` (
  `id` int NOT NULL AUTO_INCREMENT,
  `morada` varchar(255) DEFAULT NULL,
  PRIMARY KEY (`id`),
  UNIQUE KEY `UK_dpeed42aw30mviipypb9q6i5h` (`morada`)
) ENGINE=InnoDB AUTO_INCREMENT=4 DEFAULT CHARSET=utf8mb4 COLLATE=utf8mb4_0900_ai_ci;
/*!40101 SET character_set_client = @saved_cs_client */;

--
-- Dumping data for table `casa`
--

LOCK TABLES `casa` WRITE;
/*!40000 ALTER TABLE `casa` DISABLE KEYS */;
INSERT INTO `casa` VALUES (1,'Rua Aviacão Naval, Aveiro');
/*!40000 ALTER TABLE `casa` ENABLE KEYS */;
UNLOCK TABLES;

--
-- Table structure for table `consumo_cozinha`
--

DROP TABLE IF EXISTS `consumo_cozinha`;
/*!40101 SET @saved_cs_client     = @@character_set_client */;
/*!50503 SET character_set_client = utf8mb4 */;
CREATE TABLE `consumo_cozinha` (
  `id` int NOT NULL AUTO_INCREMENT,
  `dia` date DEFAULT NULL,
  `stamp` datetime(6) DEFAULT NULL,
  `valor` double DEFAULT NULL,
  `id_div` int DEFAULT NULL,
  PRIMARY KEY (`id`),
  KEY `FKtf3n9drlmnb6g03x6yoq05m94` (`id_div`),
  CONSTRAINT `FKtf3n9drlmnb6g03x6yoq05m94` FOREIGN KEY (`id_div`) REFERENCES `divisao` (`id`)
) ENGINE=InnoDB AUTO_INCREMENT=182 DEFAULT CHARSET=utf8mb4 COLLATE=utf8mb4_0900_ai_ci;
/*!40101 SET character_set_client = @saved_cs_client */;

--
-- Dumping data for table `consumo_cozinha`
--

LOCK TABLES `consumo_cozinha` WRITE;
/*!40000 ALTER TABLE `consumo_cozinha` DISABLE KEYS */;
INSERT INTO `consumo_cozinha` VALUES (122,'2022-10-31','2022-10-31 21:00:00.000000',2783,2),(123,'2022-11-01','2022-11-01 21:00:00.000000',1838,2),(124,'2022-11-02','2022-11-02 21:00:00.000000',1543,2),(125,'2022-11-03','2022-11-03 21:00:00.000000',2098,2),(126,'2022-11-04','2022-11-04 21:00:00.000000',2733,2),(127,'2022-11-05','2022-11-05 21:00:00.000000',996,2),(128,'2022-11-06','2022-11-06 21:00:00.000000',2171,2),(129,'2022-11-07','2022-11-07 21:00:00.000000',2139,2),(130,'2022-11-08','2022-11-08 21:00:00.000000',871,2),(131,'2022-11-09','2022-11-09 21:00:00.000000',1447,2),(132,'2022-11-10','2022-11-10 21:00:00.000000',2333,2),(133,'2022-11-11','2022-11-11 21:00:00.000000',1306,2),(134,'2022-11-12','2022-11-12 21:00:00.000000',812,2),(135,'2022-11-13','2022-11-13 21:00:00.000000',2052,2),(136,'2022-11-14','2022-11-14 21:00:00.000000',668,2),(137,'2022-11-15','2022-11-15 21:00:00.000000',1861,2),(138,'2022-11-16','2022-11-16 21:00:00.000000',2753,2),(139,'2022-11-17','2022-11-17 21:00:00.000000',2147,2),(140,'2022-11-18','2022-11-18 21:00:00.000000',2262,2),(141,'2022-11-19','2022-11-19 21:00:00.000000',1164,2),(142,'2022-11-20','2022-11-20 21:00:00.000000',2321,2),(143,'2022-11-21','2022-11-21 21:00:00.000000',1249,2),(144,'2022-11-22','2022-11-22 21:00:00.000000',2614,2),(145,'2022-11-23','2022-11-23 21:00:00.000000',2997,2),(146,'2022-11-24','2022-11-24 21:00:00.000000',1267,2),(147,'2022-11-25','2022-11-25 21:00:00.000000',2226,2),(148,'2022-11-26','2022-11-26 21:00:00.000000',1512,2),(149,'2022-11-27','2022-11-27 21:00:00.000000',2749,2),(150,'2022-11-28','2022-11-28 21:00:00.000000',656,2),(151,'2022-11-29','2022-11-29 21:00:00.000000',2207,2),(152,'2022-11-30','2022-11-30 21:00:00.000000',1033,2),(153,'2022-12-01','2022-12-01 21:00:00.000000',1615,2),(154,'2022-12-02','2022-12-02 21:00:00.000000',2333,2),(155,'2022-12-03','2022-12-03 21:00:00.000000',1765,2),(156,'2022-12-04','2022-12-04 21:00:00.000000',1683,2),(157,'2022-12-05','2022-12-05 21:00:00.000000',2960,2),(158,'2022-12-06','2022-12-06 21:00:00.000000',2396,2),(159,'2022-12-07','2022-12-07 21:00:00.000000',804,2),(160,'2022-12-08','2022-12-08 21:00:00.000000',2742,2),(161,'2022-12-09','2022-12-09 21:00:00.000000',1848,2),(162,'2022-12-10','2022-12-10 21:00:00.000000',1129,2),(163,'2022-12-11','2022-12-11 21:00:00.000000',2135,2),(164,'2022-12-12','2022-12-12 21:00:00.000000',1184,2),(165,'2022-12-13','2022-12-13 21:00:00.000000',2062,2),(166,'2022-12-14','2022-12-14 21:00:00.000000',1187,2),(167,'2022-12-15','2022-12-15 21:00:00.000000',1691,2),(168,'2022-12-16','2022-12-16 21:00:00.000000',2559,2),(169,'2022-12-17','2022-12-17 21:00:00.000000',1611,2),(170,'2022-12-18','2022-12-18 21:00:00.000000',727,2),(171,'2022-12-19','2022-12-19 21:00:00.000000',2947,2),(172,'2022-12-20','2022-12-20 21:00:00.000000',2701,2),(173,'2022-12-21','2022-12-21 21:00:00.000000',1687,2),(174,'2022-12-22','2022-12-22 21:00:00.000000',1124,2),(175,'2022-12-23','2022-12-23 21:00:00.000000',2451,2),(176,'2022-12-24','2022-12-24 21:00:00.000000',2451,2),(177,'2022-12-25','2022-12-25 21:00:00.000000',2177,2),(178,'2022-12-26','2022-12-26 21:00:00.000000',2087,2),(179,'2022-12-27','2022-12-27 21:00:00.000000',2434,2),(180,'2022-12-28','2022-12-28 21:00:00.000000',2466,2),(181,'2022-12-29','2022-12-29 21:00:00.000000',1009,2);
/*!40000 ALTER TABLE `consumo_cozinha` ENABLE KEYS */;
UNLOCK TABLES;

--
-- Table structure for table `consumo_externo`
--

DROP TABLE IF EXISTS `consumo_externo`;
/*!40101 SET @saved_cs_client     = @@character_set_client */;
/*!50503 SET character_set_client = utf8mb4 */;
CREATE TABLE `consumo_externo` (
  `id` int NOT NULL AUTO_INCREMENT,
  `dia` date DEFAULT NULL,
  `stamp` datetime(6) DEFAULT NULL,
  `valor` double DEFAULT NULL,
  `id_div` int DEFAULT NULL,
  PRIMARY KEY (`id`),
  KEY `FKlpate87q5hp6wqso2hpykloy0` (`id_div`),
  CONSTRAINT `FKlpate87q5hp6wqso2hpykloy0` FOREIGN KEY (`id_div`) REFERENCES `divisao` (`id`)
) ENGINE=InnoDB AUTO_INCREMENT=182 DEFAULT CHARSET=utf8mb4 COLLATE=utf8mb4_0900_ai_ci;
/*!40101 SET character_set_client = @saved_cs_client */;

--
-- Dumping data for table `consumo_externo`
--

LOCK TABLES `consumo_externo` WRITE;
/*!40000 ALTER TABLE `consumo_externo` DISABLE KEYS */;
INSERT INTO `consumo_externo` VALUES (122,'2022-10-31','2022-10-31 21:00:00.000000',249,3),(123,'2022-11-01','2022-11-01 21:00:00.000000',935,3),(124,'2022-11-02','2022-11-02 21:00:00.000000',884,3),(125,'2022-11-03','2022-11-03 21:00:00.000000',501,3),(126,'2022-11-04','2022-11-04 21:00:00.000000',465,3),(127,'2022-11-05','2022-11-05 21:00:00.000000',499,3),(128,'2022-11-06','2022-11-06 21:00:00.000000',1279,3),(129,'2022-11-07','2022-11-07 21:00:00.000000',1470,3),(130,'2022-11-08','2022-11-08 21:00:00.000000',670,3),(131,'2022-11-09','2022-11-09 21:00:00.000000',372,3),(132,'2022-11-10','2022-11-10 21:00:00.000000',1148,3),(133,'2022-11-11','2022-11-11 21:00:00.000000',462,3),(134,'2022-11-12','2022-11-12 21:00:00.000000',1497,3),(135,'2022-11-13','2022-11-13 21:00:00.000000',1217,3),(136,'2022-11-14','2022-11-14 21:00:00.000000',341,3),(137,'2022-11-15','2022-11-15 21:00:00.000000',1467,3),(138,'2022-11-16','2022-11-16 21:00:00.000000',629,3),(139,'2022-11-17','2022-11-17 21:00:00.000000',1155,3),(140,'2022-11-18','2022-11-18 21:00:00.000000',232,3),(141,'2022-11-19','2022-11-19 21:00:00.000000',493,3),(142,'2022-11-20','2022-11-20 21:00:00.000000',601,3),(143,'2022-11-21','2022-11-21 21:00:00.000000',629,3),(144,'2022-11-22','2022-11-22 21:00:00.000000',332,3),(145,'2022-11-23','2022-11-23 21:00:00.000000',597,3),(146,'2022-11-24','2022-11-24 21:00:00.000000',518,3),(147,'2022-11-25','2022-11-25 21:00:00.000000',1365,3),(148,'2022-11-26','2022-11-26 21:00:00.000000',1174,3),(149,'2022-11-27','2022-11-27 21:00:00.000000',781,3),(150,'2022-11-28','2022-11-28 21:00:00.000000',804,3),(151,'2022-11-29','2022-11-29 21:00:00.000000',1296,3),(152,'2022-11-30','2022-11-30 21:00:00.000000',998,3),(153,'2022-12-01','2022-12-01 21:00:00.000000',522,3),(154,'2022-12-02','2022-12-02 21:00:00.000000',1100,3),(155,'2022-12-03','2022-12-03 21:00:00.000000',777,3),(156,'2022-12-04','2022-12-04 21:00:00.000000',803,3),(157,'2022-12-05','2022-12-05 21:00:00.000000',242,3),(158,'2022-12-06','2022-12-06 21:00:00.000000',899,3),(159,'2022-12-07','2022-12-07 21:00:00.000000',1086,3),(160,'2022-12-08','2022-12-08 21:00:00.000000',554,3),(161,'2022-12-09','2022-12-09 21:00:00.000000',1375,3),(162,'2022-12-10','2022-12-10 21:00:00.000000',817,3),(163,'2022-12-11','2022-12-11 21:00:00.000000',729,3),(164,'2022-12-12','2022-12-12 21:00:00.000000',651,3),(165,'2022-12-13','2022-12-13 21:00:00.000000',978,3),(166,'2022-12-14','2022-12-14 21:00:00.000000',1448,3),(167,'2022-12-15','2022-12-15 21:00:00.000000',1108,3),(168,'2022-12-16','2022-12-16 21:00:00.000000',779,3),(169,'2022-12-17','2022-12-17 21:00:00.000000',271,3),(170,'2022-12-18','2022-12-18 21:00:00.000000',1336,3),(171,'2022-12-19','2022-12-19 21:00:00.000000',1230,3),(172,'2022-12-20','2022-12-20 21:00:00.000000',1396,3),(173,'2022-12-21','2022-12-21 21:00:00.000000',1230,3),(174,'2022-12-22','2022-12-22 21:00:00.000000',1316,3),(175,'2022-12-23','2022-12-23 21:00:00.000000',1173,3),(176,'2022-12-24','2022-12-24 21:00:00.000000',640,3),(177,'2022-12-25','2022-12-25 21:00:00.000000',1196,3),(178,'2022-12-26','2022-12-26 21:00:00.000000',1495,3),(179,'2022-12-27','2022-12-27 21:00:00.000000',529,3),(180,'2022-12-28','2022-12-28 21:00:00.000000',816,3),(181,'2022-12-29','2022-12-29 21:00:00.000000',669,3);
/*!40000 ALTER TABLE `consumo_externo` ENABLE KEYS */;
UNLOCK TABLES;

--
-- Table structure for table `consumo_quarto`
--

DROP TABLE IF EXISTS `consumo_quarto`;
/*!40101 SET @saved_cs_client     = @@character_set_client */;
/*!50503 SET character_set_client = utf8mb4 */;
CREATE TABLE `consumo_quarto` (
  `id` int NOT NULL AUTO_INCREMENT,
  `dia` date DEFAULT NULL,
  `stamp` datetime(6) DEFAULT NULL,
  `valor` double DEFAULT NULL,
  `id_div` int DEFAULT NULL,
  PRIMARY KEY (`id`),
  KEY `FKtajdeowp6gcagper0nsv1xhbu` (`id_div`),
  CONSTRAINT `FKtajdeowp6gcagper0nsv1xhbu` FOREIGN KEY (`id_div`) REFERENCES `divisao` (`id`)
) ENGINE=InnoDB AUTO_INCREMENT=182 DEFAULT CHARSET=utf8mb4 COLLATE=utf8mb4_0900_ai_ci;
/*!40101 SET character_set_client = @saved_cs_client */;

--
-- Dumping data for table `consumo_quarto`
--

LOCK TABLES `consumo_quarto` WRITE;
/*!40000 ALTER TABLE `consumo_quarto` DISABLE KEYS */;
INSERT INTO `consumo_quarto` VALUES (122,'2022-10-31','2022-10-31 21:00:00.000000',1140,4),(123,'2022-11-01','2022-11-01 21:00:00.000000',348,4),(124,'2022-11-02','2022-11-02 21:00:00.000000',470,4),(125,'2022-11-03','2022-11-03 21:00:00.000000',678,4),(126,'2022-11-04','2022-11-04 21:00:00.000000',1172,4),(127,'2022-11-05','2022-11-05 21:00:00.000000',1052,4),(128,'2022-11-06','2022-11-06 21:00:00.000000',629,4),(129,'2022-11-07','2022-11-07 21:00:00.000000',1000,4),(130,'2022-11-08','2022-11-08 21:00:00.000000',732,4),(131,'2022-11-09','2022-11-09 21:00:00.000000',1173,4),(132,'2022-11-10','2022-11-10 21:00:00.000000',593,4),(133,'2022-11-11','2022-11-11 21:00:00.000000',1046,4),(134,'2022-11-12','2022-11-12 21:00:00.000000',607,4),(135,'2022-11-13','2022-11-13 21:00:00.000000',873,4),(136,'2022-11-14','2022-11-14 21:00:00.000000',419,4),(137,'2022-11-15','2022-11-15 21:00:00.000000',592,4),(138,'2022-11-16','2022-11-16 21:00:00.000000',721,4),(139,'2022-11-17','2022-11-17 21:00:00.000000',538,4),(140,'2022-11-18','2022-11-18 21:00:00.000000',1031,4),(141,'2022-11-19','2022-11-19 21:00:00.000000',1125,4),(142,'2022-11-20','2022-11-20 21:00:00.000000',802,4),(143,'2022-11-21','2022-11-21 21:00:00.000000',884,4),(144,'2022-11-22','2022-11-22 21:00:00.000000',416,4),(145,'2022-11-23','2022-11-23 21:00:00.000000',611,4),(146,'2022-11-24','2022-11-24 21:00:00.000000',675,4),(147,'2022-11-25','2022-11-25 21:00:00.000000',1042,4),(148,'2022-11-26','2022-11-26 21:00:00.000000',1065,4),(149,'2022-11-27','2022-11-27 21:00:00.000000',928,4),(150,'2022-11-28','2022-11-28 21:00:00.000000',833,4),(151,'2022-11-29','2022-11-29 21:00:00.000000',853,4),(152,'2022-11-30','2022-11-30 21:00:00.000000',1363,4),(153,'2022-12-01','2022-12-01 21:00:00.000000',688,4),(154,'2022-12-02','2022-12-02 21:00:00.000000',956,4),(155,'2022-12-03','2022-12-03 21:00:00.000000',720,4),(156,'2022-12-04','2022-12-04 21:00:00.000000',996,4),(157,'2022-12-05','2022-12-05 21:00:00.000000',395,4),(158,'2022-12-06','2022-12-06 21:00:00.000000',891,4),(159,'2022-12-07','2022-12-07 21:00:00.000000',824,4),(160,'2022-12-08','2022-12-08 21:00:00.000000',667,4),(161,'2022-12-09','2022-12-09 21:00:00.000000',1444,4),(162,'2022-12-10','2022-12-10 21:00:00.000000',815,4),(163,'2022-12-11','2022-12-11 21:00:00.000000',494,4),(164,'2022-12-12','2022-12-12 21:00:00.000000',495,4),(165,'2022-12-13','2022-12-13 21:00:00.000000',994,4),(166,'2022-12-14','2022-12-14 21:00:00.000000',951,4),(167,'2022-12-15','2022-12-15 21:00:00.000000',1485,4),(168,'2022-12-16','2022-12-16 21:00:00.000000',930,4),(169,'2022-12-17','2022-12-17 21:00:00.000000',1490,4),(170,'2022-12-18','2022-12-18 21:00:00.000000',709,4),(171,'2022-12-19','2022-12-19 21:00:00.000000',1145,4),(172,'2022-12-20','2022-12-20 21:00:00.000000',958,4),(173,'2022-12-21','2022-12-21 21:00:00.000000',781,4),(174,'2022-12-22','2022-12-22 21:00:00.000000',1169,4),(175,'2022-12-23','2022-12-23 21:00:00.000000',1167,4),(176,'2022-12-24','2022-12-24 21:00:00.000000',743,4),(177,'2022-12-25','2022-12-25 21:00:00.000000',992,4),(178,'2022-12-26','2022-12-26 21:00:00.000000',1097,4),(179,'2022-12-27','2022-12-27 21:00:00.000000',1127,4),(180,'2022-12-28','2022-12-28 21:00:00.000000',436,4),(181,'2022-12-29','2022-12-29 21:00:00.000000',1396,4);
/*!40000 ALTER TABLE `consumo_quarto` ENABLE KEYS */;
UNLOCK TABLES;

--
-- Table structure for table `consumo_sala`
--

DROP TABLE IF EXISTS `consumo_sala`;
/*!40101 SET @saved_cs_client     = @@character_set_client */;
/*!50503 SET character_set_client = utf8mb4 */;
CREATE TABLE `consumo_sala` (
  `id` int NOT NULL AUTO_INCREMENT,
  `dia` date DEFAULT NULL,
  `stamp` datetime(6) DEFAULT NULL,
  `valor` double DEFAULT NULL,
  `id_div` int DEFAULT NULL,
  PRIMARY KEY (`id`),
  KEY `FKcwvwe4w313ol5mmqwneqgeo3q` (`id_div`),
  CONSTRAINT `FKcwvwe4w313ol5mmqwneqgeo3q` FOREIGN KEY (`id_div`) REFERENCES `divisao` (`id`)
) ENGINE=InnoDB AUTO_INCREMENT=5913 DEFAULT CHARSET=utf8mb4 COLLATE=utf8mb4_0900_ai_ci;
/*!40101 SET character_set_client = @saved_cs_client */;

--
-- Dumping data for table `consumo_sala`
--

LOCK TABLES `consumo_sala` WRITE;
/*!40000 ALTER TABLE `consumo_sala` DISABLE KEYS */;
INSERT INTO `consumo_sala` VALUES (5853,'2022-10-31','2022-10-31 21:00:00.000000',2498,1),(5854,'2022-11-01','2022-11-01 21:00:00.000000',2620,1),(5855,'2022-11-02','2022-11-02 21:00:00.000000',820,1),(5856,'2022-11-03','2022-11-03 21:00:00.000000',2879,1),(5857,'2022-11-04','2022-11-04 21:00:00.000000',1268,1),(5858,'2022-11-05','2022-11-05 21:00:00.000000',1038,1),(5859,'2022-11-06','2022-11-06 21:00:00.000000',2744,1),(5860,'2022-11-07','2022-11-07 21:00:00.000000',2444,1),(5861,'2022-11-08','2022-11-08 21:00:00.000000',2336,1),(5862,'2022-11-09','2022-11-09 21:00:00.000000',1408,1),(5863,'2022-11-10','2022-11-10 21:00:00.000000',723,1),(5864,'2022-11-11','2022-11-11 21:00:00.000000',1672,1),(5865,'2022-11-12','2022-11-12 21:00:00.000000',2269,1),(5866,'2022-11-13','2022-11-13 21:00:00.000000',2917,1),(5867,'2022-11-14','2022-11-14 21:00:00.000000',924,1),(5868,'2022-11-15','2022-11-15 21:00:00.000000',2112,1),(5869,'2022-11-16','2022-11-16 21:00:00.000000',1151,1),(5870,'2022-11-17','2022-11-17 21:00:00.000000',1886,1),(5871,'2022-11-18','2022-11-18 21:00:00.000000',1138,1),(5872,'2022-11-19','2022-11-19 21:00:00.000000',711,1),(5873,'2022-11-20','2022-11-20 21:00:00.000000',1268,1),(5874,'2022-11-21','2022-11-21 21:00:00.000000',2227,1),(5875,'2022-11-22','2022-11-22 21:00:00.000000',1274,1),(5876,'2022-11-23','2022-11-23 21:00:00.000000',999,1),(5877,'2022-11-24','2022-11-24 21:00:00.000000',2048,1),(5878,'2022-11-25','2022-11-25 21:00:00.000000',868,1),(5879,'2022-11-26','2022-11-26 21:00:00.000000',1946,1),(5880,'2022-11-27','2022-11-27 21:00:00.000000',1267,1),(5881,'2022-11-28','2022-11-28 21:00:00.000000',2169,1),(5882,'2022-11-29','2022-11-29 21:00:00.000000',1239,1),(5883,'2022-11-30','2022-11-30 21:00:00.000000',1320,1),(5884,'2022-12-01','2022-12-01 21:00:00.000000',2533,1),(5885,'2022-12-02','2022-12-02 21:00:00.000000',1540,1),(5886,'2022-12-03','2022-12-03 21:00:00.000000',1957,1),(5887,'2022-12-04','2022-12-04 21:00:00.000000',792,1),(5888,'2022-12-05','2022-12-05 21:00:00.000000',2730,1),(5889,'2022-12-06','2022-12-06 21:00:00.000000',2964,1),(5890,'2022-12-07','2022-12-07 21:00:00.000000',1048,1),(5891,'2022-12-08','2022-12-08 21:00:00.000000',1380,1),(5892,'2022-12-09','2022-12-09 21:00:00.000000',2572,1),(5893,'2022-12-10','2022-12-10 21:00:00.000000',2695,1),(5894,'2022-12-11','2022-12-11 21:00:00.000000',1695,1),(5895,'2022-12-12','2022-12-12 21:00:00.000000',2636,1),(5896,'2022-12-13','2022-12-13 21:00:00.000000',1770,1),(5897,'2022-12-14','2022-12-14 21:00:00.000000',2573,1),(5898,'2022-12-15','2022-12-15 21:00:00.000000',1892,1),(5899,'2022-12-16','2022-12-16 21:00:00.000000',1887,1),(5900,'2022-12-17','2022-12-17 21:00:00.000000',2127,1),(5901,'2022-12-18','2022-12-18 21:00:00.000000',2627,1),(5902,'2022-12-19','2022-12-19 21:00:00.000000',885,1),(5903,'2022-12-20','2022-12-20 21:00:00.000000',1711,1),(5904,'2022-12-21','2022-12-21 21:00:00.000000',2664,1),(5905,'2022-12-22','2022-12-22 21:00:00.000000',1065,1),(5906,'2022-12-23','2022-12-23 21:00:00.000000',731,1),(5907,'2022-12-24','2022-12-24 21:00:00.000000',750,1),(5908,'2022-12-25','2022-12-25 21:00:00.000000',2910,1),(5909,'2022-12-26','2022-12-26 21:00:00.000000',913,1),(5910,'2022-12-27','2022-12-27 21:00:00.000000',658,1),(5911,'2022-12-28','2022-12-28 21:00:00.000000',2652,1),(5912,'2022-12-29','2022-12-29 21:00:00.000000',2756,1);
/*!40000 ALTER TABLE `consumo_sala` ENABLE KEYS */;
UNLOCK TABLES;

--
-- Table structure for table `dispositivo`
--

DROP TABLE IF EXISTS `dispositivo`;
/*!40101 SET @saved_cs_client     = @@character_set_client */;
/*!50503 SET character_set_client = utf8mb4 */;
CREATE TABLE `dispositivo` (
  `id` int NOT NULL AUTO_INCREMENT,
  `consumo_energy` double DEFAULT NULL,
  `estado` bit(1) DEFAULT NULL,
  `id_divisao` int DEFAULT NULL,
  `tipo` varchar(255) DEFAULT NULL,
  PRIMARY KEY (`id`),
  KEY `FKc5tesiy4nfpu29qhttx7u5l9a` (`id_divisao`),
  CONSTRAINT `FKc5tesiy4nfpu29qhttx7u5l9a` FOREIGN KEY (`id_divisao`) REFERENCES `divisao` (`id`)
) ENGINE=InnoDB AUTO_INCREMENT=67 DEFAULT CHARSET=utf8mb4 COLLATE=utf8mb4_0900_ai_ci;
/*!40101 SET character_set_client = @saved_cs_client */;

--
-- Dumping data for table `dispositivo`
--

LOCK TABLES `dispositivo` WRITE;
/*!40000 ALTER TABLE `dispositivo` DISABLE KEYS */;
INSERT INTO `dispositivo` VALUES (1,140.03,_binary '',1,'TOMADA'),(2,231.11,_binary '',1,'TOMADA'),(3,164.82,_binary '\0',1,'LAMPADA'),(4,163.58,_binary '\0',1,'LAMPADA'),(5,313.74,_binary '\0',1,'AC'),(6,598.06,_binary '',1,'TOMADA'),(7,108.29,_binary '',1,'TOMADA'),(8,166.39,_binary '',2,'TOMADA'),(9,151.36,_binary '\0',2,'TOMADA'),(10,214.43,_binary '\0',2,'LAMPADA'),(11,205.12,_binary '\0',2,'AC'),(12,261.27,_binary '',2,'TOMADA'),(13,224.62,_binary '\0',2,'TOMADA'),(14,461.32,_binary '\0',2,'TOMADA'),(15,252.49,_binary '',3,'LAMPADA'),(16,100.1,_binary '\0',3,'REGADOR'),(17,166.12,_binary '',4,'TOMADA'),(18,160.67,_binary '',4,'TOMADA'),(19,188.63,_binary '\0',4,'LAMPADA'),(20,238.63,_binary '',4,'AC'),(21,144.84,_binary '\0',4,'TOMADA'),(65,30,_binary '\0',1,'TOMADA');
/*!40000 ALTER TABLE `dispositivo` ENABLE KEYS */;
UNLOCK TABLES;

--
-- Table structure for table `divisao`
--

DROP TABLE IF EXISTS `divisao`;
/*!40101 SET @saved_cs_client     = @@character_set_client */;
/*!50503 SET character_set_client = utf8mb4 */;
CREATE TABLE `divisao` (
  `id` int NOT NULL AUTO_INCREMENT,
  `nome` varchar(255) NOT NULL,
  `id_casa` int NOT NULL,
  `tipo` varchar(255) DEFAULT NULL,
  PRIMARY KEY (`id`),
  KEY `FKj4awjxssbhlvnmx22qomxsquu` (`id_casa`),
  CONSTRAINT `FKj4awjxssbhlvnmx22qomxsquu` FOREIGN KEY (`id_casa`) REFERENCES `casa` (`id`)
) ENGINE=InnoDB AUTO_INCREMENT=17 DEFAULT CHARSET=utf8mb4 COLLATE=utf8mb4_0900_ai_ci;
/*!40101 SET character_set_client = @saved_cs_client */;

--
-- Dumping data for table `divisao`
--

LOCK TABLES `divisao` WRITE;
/*!40000 ALTER TABLE `divisao` DISABLE KEYS */;
INSERT INTO `divisao` VALUES (1,'sala',1,'SALA'),(2,'cozinha',1,'COZINHA'),(3,'exterior',1,'EXTERIOR'),(4,'quarto1',1,'QUARTO');
/*!40000 ALTER TABLE `divisao` ENABLE KEYS */;
UNLOCK TABLES;
/*!50003 SET @saved_cs_client      = @@character_set_client */ ;
/*!50003 SET @saved_cs_results     = @@character_set_results */ ;
/*!50003 SET @saved_col_connection = @@collation_connection */ ;
/*!50003 SET character_set_client  = utf8mb4 */ ;
/*!50003 SET character_set_results = utf8mb4 */ ;
/*!50003 SET collation_connection  = utf8mb4_0900_ai_ci */ ;
/*!50003 SET @saved_sql_mode       = @@sql_mode */ ;
/*!50003 SET sql_mode              = 'ONLY_FULL_GROUP_BY,STRICT_TRANS_TABLES,NO_ZERO_IN_DATE,NO_ZERO_DATE,ERROR_FOR_DIVISION_BY_ZERO,NO_ENGINE_SUBSTITUTION' */ ;
DELIMITER ;;
/*!50003 CREATE*/  /*!50003 TRIGGER `sensor_trigger` AFTER INSERT ON `divisao` FOR EACH ROW begin
    insert into sensors(generator_type, division_id) values (1, NEW.id);
    insert into sensors(generator_type, division_id) values (2, NEW.id);
end */;;
DELIMITER ;
/*!50003 SET sql_mode              = @saved_sql_mode */ ;
/*!50003 SET character_set_client  = @saved_cs_client */ ;
/*!50003 SET character_set_results = @saved_cs_results */ ;
/*!50003 SET collation_connection  = @saved_col_connection */ ;

--
-- Table structure for table `lampada`
--

DROP TABLE IF EXISTS `lampada`;
/*!40101 SET @saved_cs_client     = @@character_set_client */;
/*!50503 SET character_set_client = utf8mb4 */;
CREATE TABLE `lampada` (
  `end_time` time DEFAULT NULL,
  `luminosidade` double NOT NULL,
  `start_time` time DEFAULT NULL,
  `id` int NOT NULL,
  PRIMARY KEY (`id`),
  CONSTRAINT `FK9en0kckfgskkxsksjj5mdf5x6` FOREIGN KEY (`id`) REFERENCES `dispositivo` (`id`)
) ENGINE=InnoDB DEFAULT CHARSET=utf8mb4 COLLATE=utf8mb4_0900_ai_ci;
/*!40101 SET character_set_client = @saved_cs_client */;

--
-- Dumping data for table `lampada`
--

LOCK TABLES `lampada` WRITE;
/*!40000 ALTER TABLE `lampada` DISABLE KEYS */;
INSERT INTO `lampada` VALUES ('23:00:00',100,'19:00:00',3),('18:00:00',80,'09:00:00',4),('18:00:00',75,'09:00:00',10),('18:00:00',83,'09:00:00',15),('18:00:00',77,'09:00:00',19);
/*!40000 ALTER TABLE `lampada` ENABLE KEYS */;
UNLOCK TABLES;

--
-- Table structure for table `regador`
--

DROP TABLE IF EXISTS `regador`;
/*!40101 SET @saved_cs_client     = @@character_set_client */;
/*!50503 SET character_set_client = utf8mb4 */;
CREATE TABLE `regador` (
  `end_time` time DEFAULT NULL,
  `start_time` time DEFAULT NULL,
  `id` int NOT NULL,
  PRIMARY KEY (`id`),
  CONSTRAINT `FKsokiemasmqs363gtjloevc99t` FOREIGN KEY (`id`) REFERENCES `dispositivo` (`id`)
) ENGINE=InnoDB DEFAULT CHARSET=utf8mb4 COLLATE=utf8mb4_0900_ai_ci;
/*!40101 SET character_set_client = @saved_cs_client */;

--
-- Dumping data for table `regador`
--

LOCK TABLES `regador` WRITE;
/*!40000 ALTER TABLE `regador` DISABLE KEYS */;
INSERT INTO `regador` VALUES ('10:30:00','10:00:00',16);
/*!40000 ALTER TABLE `regador` ENABLE KEYS */;
UNLOCK TABLES;

--
-- Table structure for table `sensor_measurements_cozinha`
--

DROP TABLE IF EXISTS `sensor_measurements_cozinha`;
/*!40101 SET @saved_cs_client     = @@character_set_client */;
/*!50503 SET character_set_client = utf8mb4 */;
CREATE TABLE `sensor_measurements_cozinha` (
  `id` int NOT NULL AUTO_INCREMENT,
  `dia` date DEFAULT NULL,
  `stamp` datetime(6) DEFAULT NULL,
  `tipo` varchar(255) DEFAULT NULL,
  `valor` double DEFAULT NULL,
  `id_div` int DEFAULT NULL,
  PRIMARY KEY (`id`),
  KEY `FK7q6746329pgh0ndm5480ecmh6` (`id_div`),
  CONSTRAINT `FK7q6746329pgh0ndm5480ecmh6` FOREIGN KEY (`id_div`) REFERENCES `divisao` (`id`)
) ENGINE=InnoDB AUTO_INCREMENT=1009 DEFAULT CHARSET=utf8mb4 COLLATE=utf8mb4_0900_ai_ci;
/*!40101 SET character_set_client = @saved_cs_client */;

--
-- Dumping data for table `sensor_measurements_cozinha`
--

LOCK TABLES `sensor_measurements_cozinha` WRITE;
/*!40000 ALTER TABLE `sensor_measurements_cozinha` DISABLE KEYS */;
INSERT INTO `sensor_measurements_cozinha` VALUES (673,'2022-12-23','2022-12-23 00:00:00.000000','temperatura',11.86,2),(674,'2022-12-23','2022-12-23 00:00:00.000000','humidade',18.5,2),(675,'2022-12-23','2022-12-23 01:00:00.000000','temperatura',10.62,2),(676,'2022-12-23','2022-12-23 01:00:00.000000','humidade',19.66,2),(677,'2022-12-23','2022-12-23 02:00:00.000000','temperatura',10.5,2),(678,'2022-12-23','2022-12-23 02:00:00.000000','humidade',19.56,2),(679,'2022-12-23','2022-12-23 03:00:00.000000','temperatura',13.14,2),(680,'2022-12-23','2022-12-23 03:00:00.000000','humidade',17.2,2),(681,'2022-12-23','2022-12-23 04:00:00.000000','temperatura',12.46,2),(682,'2022-12-23','2022-12-23 04:00:00.000000','humidade',17.76,2),(683,'2022-12-23','2022-12-23 05:00:00.000000','temperatura',13.14,2),(684,'2022-12-23','2022-12-23 05:00:00.000000','humidade',17.18,2),(685,'2022-12-23','2022-12-23 06:00:00.000000','temperatura',14.040000000000001,2),(686,'2022-12-23','2022-12-23 06:00:00.000000','humidade',16.18,2),(687,'2022-12-23','2022-12-23 07:00:00.000000','temperatura',13.74,2),(688,'2022-12-23','2022-12-23 07:00:00.000000','humidade',16.52,2),(689,'2022-12-23','2022-12-23 08:00:00.000000','temperatura',13.84,2),(690,'2022-12-23','2022-12-23 08:00:00.000000','humidade',16.34,2),(691,'2022-12-23','2022-12-23 09:00:00.000000','temperatura',16.26,2),(692,'2022-12-23','2022-12-23 09:00:00.000000','humidade',14.059999999999999,2),(693,'2022-12-23','2022-12-23 10:00:00.000000','temperatura',16.34,2),(694,'2022-12-23','2022-12-23 10:00:00.000000','humidade',13.84,2),(695,'2022-12-23','2022-12-23 11:00:00.000000','temperatura',16.82,2),(696,'2022-12-23','2022-12-23 11:00:00.000000','humidade',13.48,2),(697,'2022-12-23','2022-12-23 12:00:00.000000','temperatura',17.54,2),(698,'2022-12-23','2022-12-23 12:00:00.000000','humidade',12.780000000000001,2),(699,'2022-12-23','2022-12-23 13:00:00.000000','temperatura',19.06,2),(700,'2022-12-23','2022-12-23 13:00:00.000000','humidade',11.02,2),(701,'2022-12-23','2022-12-23 14:00:00.000000','temperatura',18.16,2),(702,'2022-12-23','2022-12-23 14:00:00.000000','humidade',12.04,2),(703,'2022-12-23','2022-12-23 15:00:00.000000','temperatura',16.14,2),(704,'2022-12-23','2022-12-23 15:00:00.000000','humidade',13.899999999999999,2),(705,'2022-12-23','2022-12-23 16:00:00.000000','temperatura',16.78,2),(706,'2022-12-23','2022-12-23 16:00:00.000000','humidade',13.399999999999999,2),(707,'2022-12-23','2022-12-23 17:00:00.000000','temperatura',16.9,2),(708,'2022-12-23','2022-12-23 17:00:00.000000','humidade',13.46,2),(709,'2022-12-23','2022-12-23 18:00:00.000000','temperatura',15.16,2),(710,'2022-12-23','2022-12-23 18:00:00.000000','humidade',15.18,2),(711,'2022-12-23','2022-12-23 19:00:00.000000','temperatura',15.08,2),(712,'2022-12-23','2022-12-23 19:00:00.000000','humidade',15.08,2),(713,'2022-12-23','2022-12-23 20:00:00.000000','temperatura',15.14,2),(714,'2022-12-23','2022-12-23 20:00:00.000000','humidade',15.12,2),(715,'2022-12-23','2022-12-23 21:00:00.000000','temperatura',11.84,2),(716,'2022-12-23','2022-12-23 21:00:00.000000','humidade',18.32,2),(717,'2022-12-23','2022-12-23 22:00:00.000000','temperatura',11.5,2),(718,'2022-12-23','2022-12-23 22:00:00.000000','humidade',18.740000000000002,2),(719,'2022-12-23','2022-12-23 23:00:00.000000','temperatura',11.9,2),(720,'2022-12-23','2022-12-23 23:00:00.000000','humidade',18.36,2),(721,'2022-12-24','2022-12-24 00:00:00.000000','temperatura',11.819999999999999,2),(722,'2022-12-24','2022-12-24 00:00:00.000000','humidade',18.48,2),(723,'2022-12-24','2022-12-24 01:00:00.000000','temperatura',10.5,2),(724,'2022-12-24','2022-12-24 01:00:00.000000','humidade',19.7,2),(725,'2022-12-24','2022-12-24 02:00:00.000000','temperatura',10.52,2),(726,'2022-12-24','2022-12-24 02:00:00.000000','humidade',19.64,2),(727,'2022-12-24','2022-12-24 03:00:00.000000','temperatura',13.08,2),(728,'2022-12-24','2022-12-24 03:00:00.000000','humidade',17.16,2),(729,'2022-12-24','2022-12-24 04:00:00.000000','temperatura',12.52,2),(730,'2022-12-24','2022-12-24 04:00:00.000000','humidade',17.68,2),(731,'2022-12-24','2022-12-24 05:00:00.000000','temperatura',13.14,2),(732,'2022-12-24','2022-12-24 05:00:00.000000','humidade',17.06,2),(733,'2022-12-24','2022-12-24 06:00:00.000000','temperatura',13.94,2),(734,'2022-12-24','2022-12-24 06:00:00.000000','humidade',16.200000000000003,2),(735,'2022-12-24','2022-12-24 07:00:00.000000','temperatura',13.74,2),(736,'2022-12-24','2022-12-24 07:00:00.000000','humidade',16.599999999999998,2),(737,'2022-12-24','2022-12-24 08:00:00.000000','temperatura',13.96,2),(738,'2022-12-24','2022-12-24 08:00:00.000000','humidade',16.34,2),(739,'2022-12-24','2022-12-24 09:00:00.000000','temperatura',16.18,2),(740,'2022-12-24','2022-12-24 09:00:00.000000','humidade',14.04,2),(741,'2022-12-24','2022-12-24 10:00:00.000000','temperatura',16.400000000000002,2),(742,'2022-12-24','2022-12-24 10:00:00.000000','humidade',13.78,2),(743,'2022-12-24','2022-12-24 11:00:00.000000','temperatura',16.9,2),(744,'2022-12-24','2022-12-24 11:00:00.000000','humidade',13.46,2),(745,'2022-12-24','2022-12-24 12:00:00.000000','temperatura',17.52,2),(746,'2022-12-24','2022-12-24 12:00:00.000000','humidade',12.680000000000001,2),(747,'2022-12-24','2022-12-24 13:00:00.000000','temperatura',19.16,2),(748,'2022-12-24','2022-12-24 13:00:00.000000','humidade',11.06,2),(749,'2022-12-24','2022-12-24 14:00:00.000000','temperatura',18.16,2),(750,'2022-12-24','2022-12-24 14:00:00.000000','humidade',12,2),(751,'2022-12-24','2022-12-24 15:00:00.000000','temperatura',16.1,2),(752,'2022-12-24','2022-12-24 15:00:00.000000','humidade',13.959999999999999,2),(753,'2022-12-24','2022-12-24 16:00:00.000000','temperatura',16.8,2),(754,'2022-12-24','2022-12-24 16:00:00.000000','humidade',13.599999999999998,2),(755,'2022-12-24','2022-12-24 17:00:00.000000','temperatura',16.779999999999998,2),(756,'2022-12-24','2022-12-24 17:00:00.000000','humidade',13.42,2),(757,'2022-12-24','2022-12-24 18:00:00.000000','temperatura',15.04,2),(758,'2022-12-24','2022-12-24 18:00:00.000000','humidade',15.08,2),(759,'2022-12-24','2022-12-24 19:00:00.000000','temperatura',15.16,2),(760,'2022-12-24','2022-12-24 19:00:00.000000','humidade',15.1,2),(761,'2022-12-24','2022-12-24 20:00:00.000000','temperatura',15,2),(762,'2022-12-24','2022-12-24 20:00:00.000000','humidade',15,2),(763,'2022-12-24','2022-12-24 21:00:00.000000','temperatura',11.92,2),(764,'2022-12-24','2022-12-24 21:00:00.000000','humidade',18.38,2),(765,'2022-12-24','2022-12-24 22:00:00.000000','temperatura',11.44,2),(766,'2022-12-24','2022-12-24 22:00:00.000000','humidade',18.700000000000003,2),(767,'2022-12-24','2022-12-24 23:00:00.000000','temperatura',11.82,2),(768,'2022-12-24','2022-12-24 23:00:00.000000','humidade',18.36,2),(769,'2022-12-25','2022-12-25 00:00:00.000000','temperatura',11.819999999999999,2),(770,'2022-12-25','2022-12-25 00:00:00.000000','humidade',18.36,2),(771,'2022-12-25','2022-12-25 01:00:00.000000','temperatura',10.64,2),(772,'2022-12-25','2022-12-25 01:00:00.000000','humidade',19.56,2),(773,'2022-12-25','2022-12-25 02:00:00.000000','temperatura',10.62,2),(774,'2022-12-25','2022-12-25 02:00:00.000000','humidade',19.64,2),(775,'2022-12-25','2022-12-25 03:00:00.000000','temperatura',13,2),(776,'2022-12-25','2022-12-25 03:00:00.000000','humidade',17.02,2),(777,'2022-12-25','2022-12-25 04:00:00.000000','temperatura',12.5,2),(778,'2022-12-25','2022-12-25 04:00:00.000000','humidade',17.740000000000002,2),(779,'2022-12-25','2022-12-25 05:00:00.000000','temperatura',13.16,2),(780,'2022-12-25','2022-12-25 05:00:00.000000','humidade',17.12,2),(781,'2022-12-25','2022-12-25 06:00:00.000000','temperatura',14.040000000000001,2),(782,'2022-12-25','2022-12-25 06:00:00.000000','humidade',16.28,2),(783,'2022-12-25','2022-12-25 07:00:00.000000','temperatura',13.76,2),(784,'2022-12-25','2022-12-25 07:00:00.000000','humidade',16.459999999999997,2),(785,'2022-12-25','2022-12-25 08:00:00.000000','temperatura',13.940000000000001,2),(786,'2022-12-25','2022-12-25 08:00:00.000000','humidade',16.3,2),(787,'2022-12-25','2022-12-25 09:00:00.000000','temperatura',16.14,2),(788,'2022-12-25','2022-12-25 09:00:00.000000','humidade',13.979999999999999,2),(789,'2022-12-25','2022-12-25 10:00:00.000000','temperatura',16.48,2),(790,'2022-12-25','2022-12-25 10:00:00.000000','humidade',13.899999999999999,2),(791,'2022-12-25','2022-12-25 11:00:00.000000','temperatura',16.779999999999998,2),(792,'2022-12-25','2022-12-25 11:00:00.000000','humidade',13.360000000000001,2),(793,'2022-12-25','2022-12-25 12:00:00.000000','temperatura',17.56,2),(794,'2022-12-25','2022-12-25 12:00:00.000000','humidade',12.740000000000002,2),(795,'2022-12-25','2022-12-25 13:00:00.000000','temperatura',19,2),(796,'2022-12-25','2022-12-25 13:00:00.000000','humidade',11.12,2),(797,'2022-12-25','2022-12-25 14:00:00.000000','temperatura',18.18,2),(798,'2022-12-25','2022-12-25 14:00:00.000000','humidade',12,2),(799,'2022-12-25','2022-12-25 15:00:00.000000','temperatura',16.1,2),(800,'2022-12-25','2022-12-25 15:00:00.000000','humidade',13.999999999999998,2),(801,'2022-12-25','2022-12-25 16:00:00.000000','temperatura',16.64,2),(802,'2022-12-25','2022-12-25 16:00:00.000000','humidade',13.419999999999998,2),(803,'2022-12-25','2022-12-25 17:00:00.000000','temperatura',16.82,2),(804,'2022-12-25','2022-12-25 17:00:00.000000','humidade',13.46,2),(805,'2022-12-25','2022-12-25 18:00:00.000000','temperatura',15.04,2),(806,'2022-12-25','2022-12-25 18:00:00.000000','humidade',15.04,2),(807,'2022-12-25','2022-12-25 19:00:00.000000','temperatura',15.18,2),(808,'2022-12-25','2022-12-25 19:00:00.000000','humidade',15.04,2),(809,'2022-12-25','2022-12-25 20:00:00.000000','temperatura',15.08,2),(810,'2022-12-25','2022-12-25 20:00:00.000000','humidade',15.14,2),(811,'2022-12-25','2022-12-25 21:00:00.000000','temperatura',11.940000000000001,2),(812,'2022-12-25','2022-12-25 21:00:00.000000','humidade',18.32,2),(813,'2022-12-25','2022-12-25 22:00:00.000000','temperatura',11.4,2),(814,'2022-12-25','2022-12-25 22:00:00.000000','humidade',18.700000000000003,2),(815,'2022-12-25','2022-12-25 23:00:00.000000','temperatura',11.96,2),(816,'2022-12-25','2022-12-25 23:00:00.000000','humidade',18.279999999999998,2),(817,'2022-12-26','2022-12-26 00:00:00.000000','temperatura',11.719999999999999,2),(818,'2022-12-26','2022-12-26 00:00:00.000000','humidade',18.36,2),(819,'2022-12-26','2022-12-26 01:00:00.000000','temperatura',10.52,2),(820,'2022-12-26','2022-12-26 01:00:00.000000','humidade',19.6,2),(821,'2022-12-26','2022-12-26 02:00:00.000000','temperatura',10.58,2),(822,'2022-12-26','2022-12-26 02:00:00.000000','humidade',19.66,2),(823,'2022-12-26','2022-12-26 03:00:00.000000','temperatura',13.1,2),(824,'2022-12-26','2022-12-26 03:00:00.000000','humidade',17.04,2),(825,'2022-12-26','2022-12-26 04:00:00.000000','temperatura',12.540000000000001,2),(826,'2022-12-26','2022-12-26 04:00:00.000000','humidade',17.62,2),(827,'2022-12-26','2022-12-26 05:00:00.000000','temperatura',13.16,2),(828,'2022-12-26','2022-12-26 05:00:00.000000','humidade',17.2,2),(829,'2022-12-26','2022-12-26 06:00:00.000000','temperatura',13.9,2),(830,'2022-12-26','2022-12-26 06:00:00.000000','humidade',16.1,2),(831,'2022-12-26','2022-12-26 07:00:00.000000','temperatura',13.74,2),(832,'2022-12-26','2022-12-26 07:00:00.000000','humidade',16.4,2),(833,'2022-12-26','2022-12-26 08:00:00.000000','temperatura',13.9,2),(834,'2022-12-26','2022-12-26 08:00:00.000000','humidade',16.4,2),(835,'2022-12-26','2022-12-26 09:00:00.000000','temperatura',16.240000000000002,2),(836,'2022-12-26','2022-12-26 09:00:00.000000','humidade',13.899999999999999,2),(837,'2022-12-26','2022-12-26 10:00:00.000000','temperatura',16.5,2),(838,'2022-12-26','2022-12-26 10:00:00.000000','humidade',13.7,2),(839,'2022-12-26','2022-12-26 11:00:00.000000','temperatura',16.86,2),(840,'2022-12-26','2022-12-26 11:00:00.000000','humidade',13.440000000000001,2),(841,'2022-12-26','2022-12-26 12:00:00.000000','temperatura',17.58,2),(842,'2022-12-26','2022-12-26 12:00:00.000000','humidade',12.740000000000002,2),(843,'2022-12-26','2022-12-26 13:00:00.000000','temperatura',19,2),(844,'2022-12-26','2022-12-26 13:00:00.000000','humidade',11.04,2),(845,'2022-12-26','2022-12-26 14:00:00.000000','temperatura',18.1,2),(846,'2022-12-26','2022-12-26 14:00:00.000000','humidade',12.2,2),(847,'2022-12-26','2022-12-26 15:00:00.000000','temperatura',16.28,2),(848,'2022-12-26','2022-12-26 15:00:00.000000','humidade',13.979999999999999,2),(849,'2022-12-26','2022-12-26 16:00:00.000000','temperatura',16.78,2),(850,'2022-12-26','2022-12-26 16:00:00.000000','humidade',13.419999999999998,2),(851,'2022-12-26','2022-12-26 17:00:00.000000','temperatura',16.74,2),(852,'2022-12-26','2022-12-26 17:00:00.000000','humidade',13.5,2),(853,'2022-12-26','2022-12-26 18:00:00.000000','temperatura',15.18,2),(854,'2022-12-26','2022-12-26 18:00:00.000000','humidade',15.08,2),(855,'2022-12-26','2022-12-26 19:00:00.000000','temperatura',15.14,2),(856,'2022-12-26','2022-12-26 19:00:00.000000','humidade',15.12,2),(857,'2022-12-26','2022-12-26 20:00:00.000000','temperatura',15.08,2),(858,'2022-12-26','2022-12-26 20:00:00.000000','humidade',15.06,2),(859,'2022-12-26','2022-12-26 21:00:00.000000','temperatura',11.88,2),(860,'2022-12-26','2022-12-26 21:00:00.000000','humidade',18.36,2),(861,'2022-12-26','2022-12-26 22:00:00.000000','temperatura',11.5,2),(862,'2022-12-26','2022-12-26 22:00:00.000000','humidade',18.6,2),(863,'2022-12-26','2022-12-26 23:00:00.000000','temperatura',11.96,2),(864,'2022-12-26','2022-12-26 23:00:00.000000','humidade',18.2,2),(865,'2022-12-27','2022-12-27 00:00:00.000000','temperatura',11.86,2),(866,'2022-12-27','2022-12-27 00:00:00.000000','humidade',18.42,2),(867,'2022-12-27','2022-12-27 01:00:00.000000','temperatura',10.66,2),(868,'2022-12-27','2022-12-27 01:00:00.000000','humidade',19.54,2),(869,'2022-12-27','2022-12-27 02:00:00.000000','temperatura',10.66,2),(870,'2022-12-27','2022-12-27 02:00:00.000000','humidade',19.66,2),(871,'2022-12-27','2022-12-27 03:00:00.000000','temperatura',13.14,2),(872,'2022-12-27','2022-12-27 03:00:00.000000','humidade',17.14,2),(873,'2022-12-27','2022-12-27 04:00:00.000000','temperatura',12.4,2),(874,'2022-12-27','2022-12-27 04:00:00.000000','humidade',17.720000000000002,2),(875,'2022-12-27','2022-12-27 05:00:00.000000','temperatura',13.08,2),(876,'2022-12-27','2022-12-27 05:00:00.000000','humidade',17.06,2),(877,'2022-12-27','2022-12-27 06:00:00.000000','temperatura',13.9,2),(878,'2022-12-27','2022-12-27 06:00:00.000000','humidade',16.3,2),(879,'2022-12-27','2022-12-27 07:00:00.000000','temperatura',13.68,2),(880,'2022-12-27','2022-12-27 07:00:00.000000','humidade',16.459999999999997,2),(881,'2022-12-27','2022-12-27 08:00:00.000000','temperatura',13.9,2),(882,'2022-12-27','2022-12-27 08:00:00.000000','humidade',16.3,2),(883,'2022-12-27','2022-12-27 09:00:00.000000','temperatura',16.3,2),(884,'2022-12-27','2022-12-27 09:00:00.000000','humidade',13.919999999999998,2),(885,'2022-12-27','2022-12-27 10:00:00.000000','temperatura',16.32,2),(886,'2022-12-27','2022-12-27 10:00:00.000000','humidade',13.799999999999999,2),(887,'2022-12-27','2022-12-27 11:00:00.000000','temperatura',16.759999999999998,2),(888,'2022-12-27','2022-12-27 11:00:00.000000','humidade',13.440000000000001,2),(889,'2022-12-27','2022-12-27 12:00:00.000000','temperatura',17.52,2),(890,'2022-12-27','2022-12-27 12:00:00.000000','humidade',12.8,2),(891,'2022-12-27','2022-12-27 13:00:00.000000','temperatura',19.08,2),(892,'2022-12-27','2022-12-27 13:00:00.000000','humidade',11.04,2),(893,'2022-12-27','2022-12-27 14:00:00.000000','temperatura',18.16,2),(894,'2022-12-27','2022-12-27 14:00:00.000000','humidade',12.14,2),(895,'2022-12-27','2022-12-27 15:00:00.000000','temperatura',16.18,2),(896,'2022-12-27','2022-12-27 15:00:00.000000','humidade',13.939999999999998,2),(897,'2022-12-27','2022-12-27 16:00:00.000000','temperatura',16.68,2),(898,'2022-12-27','2022-12-27 16:00:00.000000','humidade',13.579999999999998,2),(899,'2022-12-27','2022-12-27 17:00:00.000000','temperatura',16.72,2),(900,'2022-12-27','2022-12-27 17:00:00.000000','humidade',13.38,2),(901,'2022-12-27','2022-12-27 18:00:00.000000','temperatura',15.04,2),(902,'2022-12-27','2022-12-27 18:00:00.000000','humidade',15.12,2),(903,'2022-12-27','2022-12-27 19:00:00.000000','temperatura',15.18,2),(904,'2022-12-27','2022-12-27 19:00:00.000000','humidade',15.2,2),(905,'2022-12-27','2022-12-27 20:00:00.000000','temperatura',15.02,2),(906,'2022-12-27','2022-12-27 20:00:00.000000','humidade',15.08,2),(907,'2022-12-27','2022-12-27 21:00:00.000000','temperatura',11.98,2),(908,'2022-12-27','2022-12-27 21:00:00.000000','humidade',18.32,2),(909,'2022-12-27','2022-12-27 22:00:00.000000','temperatura',11.56,2),(910,'2022-12-27','2022-12-27 22:00:00.000000','humidade',18.6,2),(911,'2022-12-27','2022-12-27 23:00:00.000000','temperatura',11.92,2),(912,'2022-12-27','2022-12-27 23:00:00.000000','humidade',18.38,2),(913,'2022-12-28','2022-12-28 00:00:00.000000','temperatura',11.899999999999999,2),(914,'2022-12-28','2022-12-28 00:00:00.000000','humidade',18.34,2),(915,'2022-12-28','2022-12-28 01:00:00.000000','temperatura',10.58,2),(916,'2022-12-28','2022-12-28 01:00:00.000000','humidade',19.66,2),(917,'2022-12-28','2022-12-28 02:00:00.000000','temperatura',10.62,2),(918,'2022-12-28','2022-12-28 02:00:00.000000','humidade',19.56,2),(919,'2022-12-28','2022-12-28 03:00:00.000000','temperatura',13.04,2),(920,'2022-12-28','2022-12-28 03:00:00.000000','humidade',17,2),(921,'2022-12-28','2022-12-28 04:00:00.000000','temperatura',12.56,2),(922,'2022-12-28','2022-12-28 04:00:00.000000','humidade',17.68,2),(923,'2022-12-28','2022-12-28 05:00:00.000000','temperatura',13.04,2),(924,'2022-12-28','2022-12-28 05:00:00.000000','humidade',17.02,2),(925,'2022-12-28','2022-12-28 06:00:00.000000','temperatura',14.06,2),(926,'2022-12-28','2022-12-28 06:00:00.000000','humidade',16.3,2),(927,'2022-12-28','2022-12-28 07:00:00.000000','temperatura',13.78,2),(928,'2022-12-28','2022-12-28 07:00:00.000000','humidade',16.58,2),(929,'2022-12-28','2022-12-28 08:00:00.000000','temperatura',13.92,2),(930,'2022-12-28','2022-12-28 08:00:00.000000','humidade',16.32,2),(931,'2022-12-28','2022-12-28 09:00:00.000000','temperatura',16.26,2),(932,'2022-12-28','2022-12-28 09:00:00.000000','humidade',13.899999999999999,2),(933,'2022-12-28','2022-12-28 10:00:00.000000','temperatura',16.36,2),(934,'2022-12-28','2022-12-28 10:00:00.000000','humidade',13.76,2),(935,'2022-12-28','2022-12-28 11:00:00.000000','temperatura',16.759999999999998,2),(936,'2022-12-28','2022-12-28 11:00:00.000000','humidade',13.48,2),(937,'2022-12-28','2022-12-28 12:00:00.000000','temperatura',17.459999999999997,2),(938,'2022-12-28','2022-12-28 12:00:00.000000','humidade',12.760000000000002,2),(939,'2022-12-28','2022-12-28 13:00:00.000000','temperatura',19.2,2),(940,'2022-12-28','2022-12-28 13:00:00.000000','humidade',11.16,2),(941,'2022-12-28','2022-12-28 14:00:00.000000','temperatura',18.06,2),(942,'2022-12-28','2022-12-28 14:00:00.000000','humidade',12.04,2),(943,'2022-12-28','2022-12-28 15:00:00.000000','temperatura',16.200000000000003,2),(944,'2022-12-28','2022-12-28 15:00:00.000000','humidade',13.939999999999998,2),(945,'2022-12-28','2022-12-28 16:00:00.000000','temperatura',16.700000000000003,2),(946,'2022-12-28','2022-12-28 16:00:00.000000','humidade',13.54,2),(947,'2022-12-28','2022-12-28 17:00:00.000000','temperatura',16.759999999999998,2),(948,'2022-12-28','2022-12-28 17:00:00.000000','humidade',13.46,2),(949,'2022-12-28','2022-12-28 18:00:00.000000','temperatura',15,2),(950,'2022-12-28','2022-12-28 18:00:00.000000','humidade',15.18,2),(951,'2022-12-28','2022-12-28 19:00:00.000000','temperatura',15.12,2),(952,'2022-12-28','2022-12-28 19:00:00.000000','humidade',15.18,2),(953,'2022-12-28','2022-12-28 20:00:00.000000','temperatura',15.16,2),(954,'2022-12-28','2022-12-28 20:00:00.000000','humidade',15.06,2),(955,'2022-12-28','2022-12-28 21:00:00.000000','temperatura',11.84,2),(956,'2022-12-28','2022-12-28 21:00:00.000000','humidade',18.32,2),(957,'2022-12-28','2022-12-28 22:00:00.000000','temperatura',11.46,2),(958,'2022-12-28','2022-12-28 22:00:00.000000','humidade',18.740000000000002,2),(959,'2022-12-28','2022-12-28 23:00:00.000000','temperatura',12,2),(960,'2022-12-28','2022-12-28 23:00:00.000000','humidade',18.24,2),(961,'2022-12-29','2022-12-29 00:00:00.000000','temperatura',11.7,2),(962,'2022-12-29','2022-12-29 00:00:00.000000','humidade',18.3,2),(963,'2022-12-29','2022-12-29 01:00:00.000000','temperatura',10.58,2),(964,'2022-12-29','2022-12-29 01:00:00.000000','humidade',19.64,2),(965,'2022-12-29','2022-12-29 02:00:00.000000','temperatura',10.58,2),(966,'2022-12-29','2022-12-29 02:00:00.000000','humidade',19.68,2),(967,'2022-12-29','2022-12-29 03:00:00.000000','temperatura',13.12,2),(968,'2022-12-29','2022-12-29 03:00:00.000000','humidade',17.2,2),(969,'2022-12-29','2022-12-29 04:00:00.000000','temperatura',12.44,2),(970,'2022-12-29','2022-12-29 04:00:00.000000','humidade',17.8,2),(971,'2022-12-29','2022-12-29 05:00:00.000000','temperatura',13.02,2),(972,'2022-12-29','2022-12-29 05:00:00.000000','humidade',17.16,2),(973,'2022-12-29','2022-12-29 06:00:00.000000','temperatura',13.92,2),(974,'2022-12-29','2022-12-29 06:00:00.000000','humidade',16.220000000000002,2),(975,'2022-12-29','2022-12-29 07:00:00.000000','temperatura',13.6,2),(976,'2022-12-29','2022-12-29 07:00:00.000000','humidade',16.56,2),(977,'2022-12-29','2022-12-29 08:00:00.000000','temperatura',13.9,2),(978,'2022-12-29','2022-12-29 08:00:00.000000','humidade',16.259999999999998,2),(979,'2022-12-29','2022-12-29 09:00:00.000000','temperatura',16.240000000000002,2),(980,'2022-12-29','2022-12-29 09:00:00.000000','humidade',13.939999999999998,2),(981,'2022-12-29','2022-12-29 10:00:00.000000','temperatura',16.38,2),(982,'2022-12-29','2022-12-29 10:00:00.000000','humidade',13.76,2),(983,'2022-12-29','2022-12-29 11:00:00.000000','temperatura',16.759999999999998,2),(984,'2022-12-29','2022-12-29 11:00:00.000000','humidade',13.5,2),(985,'2022-12-29','2022-12-29 12:00:00.000000','temperatura',17.4,2),(986,'2022-12-29','2022-12-29 12:00:00.000000','humidade',12.780000000000001,2),(987,'2022-12-29','2022-12-29 13:00:00.000000','temperatura',19.18,2),(988,'2022-12-29','2022-12-29 13:00:00.000000','humidade',11.14,2),(989,'2022-12-29','2022-12-29 14:00:00.000000','temperatura',18.1,2),(990,'2022-12-29','2022-12-29 14:00:00.000000','humidade',12.1,2),(991,'2022-12-29','2022-12-29 15:00:00.000000','temperatura',16.12,2),(992,'2022-12-29','2022-12-29 15:00:00.000000','humidade',13.979999999999999,2),(993,'2022-12-29','2022-12-29 16:00:00.000000','temperatura',16.64,2),(994,'2022-12-29','2022-12-29 16:00:00.000000','humidade',13.599999999999998,2),(995,'2022-12-29','2022-12-29 17:00:00.000000','temperatura',16.9,2),(996,'2022-12-29','2022-12-29 17:00:00.000000','humidade',13.48,2),(997,'2022-12-29','2022-12-29 18:00:00.000000','temperatura',15.16,2),(998,'2022-12-29','2022-12-29 18:00:00.000000','humidade',15.06,2),(999,'2022-12-29','2022-12-29 19:00:00.000000','temperatura',15.1,2),(1000,'2022-12-29','2022-12-29 19:00:00.000000','humidade',15.1,2),(1001,'2022-12-29','2022-12-29 20:00:00.000000','temperatura',15,2),(1002,'2022-12-29','2022-12-29 20:00:00.000000','humidade',15.16,2),(1003,'2022-12-29','2022-12-29 21:00:00.000000','temperatura',11.84,2),(1004,'2022-12-29','2022-12-29 21:00:00.000000','humidade',18.24,2),(1005,'2022-12-29','2022-12-29 22:00:00.000000','temperatura',11.58,2),(1006,'2022-12-29','2022-12-29 22:00:00.000000','humidade',18.8,2),(1007,'2022-12-29','2022-12-29 23:00:00.000000','temperatura',11.940000000000001,2),(1008,'2022-12-29','2022-12-29 23:00:00.000000','humidade',18.36,2);
/*!40000 ALTER TABLE `sensor_measurements_cozinha` ENABLE KEYS */;
UNLOCK TABLES;

--
-- Table structure for table `sensor_measurements_externo`
--

DROP TABLE IF EXISTS `sensor_measurements_externo`;
/*!40101 SET @saved_cs_client     = @@character_set_client */;
/*!50503 SET character_set_client = utf8mb4 */;
CREATE TABLE `sensor_measurements_externo` (
  `id` int NOT NULL AUTO_INCREMENT,
  `dia` date DEFAULT NULL,
  `stamp` datetime(6) DEFAULT NULL,
  `tipo` varchar(255) DEFAULT NULL,
  `valor` double DEFAULT NULL,
  `id_div` int DEFAULT NULL,
  PRIMARY KEY (`id`),
  KEY `FK8s3oq1joss5kvyd6ow0mfyqbl` (`id_div`),
  CONSTRAINT `FK8s3oq1joss5kvyd6ow0mfyqbl` FOREIGN KEY (`id_div`) REFERENCES `divisao` (`id`)
) ENGINE=InnoDB AUTO_INCREMENT=1009 DEFAULT CHARSET=utf8mb4 COLLATE=utf8mb4_0900_ai_ci;
/*!40101 SET character_set_client = @saved_cs_client */;

--
-- Dumping data for table `sensor_measurements_externo`
--

LOCK TABLES `sensor_measurements_externo` WRITE;
/*!40000 ALTER TABLE `sensor_measurements_externo` DISABLE KEYS */;
INSERT INTO `sensor_measurements_externo` VALUES (673,'2022-12-23','2022-12-23 00:00:00.000000','temperatura',11.86,3),(674,'2022-12-23','2022-12-23 00:00:00.000000','humidade',18.48,3),(675,'2022-12-23','2022-12-23 01:00:00.000000','temperatura',10.54,3),(676,'2022-12-23','2022-12-23 01:00:00.000000','humidade',19.6,3),(677,'2022-12-23','2022-12-23 02:00:00.000000','temperatura',10.66,3),(678,'2022-12-23','2022-12-23 02:00:00.000000','humidade',19.56,3),(679,'2022-12-23','2022-12-23 03:00:00.000000','temperatura',13.02,3),(680,'2022-12-23','2022-12-23 03:00:00.000000','humidade',17.16,3),(681,'2022-12-23','2022-12-23 04:00:00.000000','temperatura',12.44,3),(682,'2022-12-23','2022-12-23 04:00:00.000000','humidade',17.66,3),(683,'2022-12-23','2022-12-23 05:00:00.000000','temperatura',13.12,3),(684,'2022-12-23','2022-12-23 05:00:00.000000','humidade',17.16,3),(685,'2022-12-23','2022-12-23 06:00:00.000000','temperatura',13.94,3),(686,'2022-12-23','2022-12-23 06:00:00.000000','humidade',16.12,3),(687,'2022-12-23','2022-12-23 07:00:00.000000','temperatura',13.62,3),(688,'2022-12-23','2022-12-23 07:00:00.000000','humidade',16.4,3),(689,'2022-12-23','2022-12-23 08:00:00.000000','temperatura',13.9,3),(690,'2022-12-23','2022-12-23 08:00:00.000000','humidade',16.24,3),(691,'2022-12-23','2022-12-23 09:00:00.000000','temperatura',16.18,3),(692,'2022-12-23','2022-12-23 09:00:00.000000','humidade',13.959999999999999,3),(693,'2022-12-23','2022-12-23 10:00:00.000000','temperatura',16.34,3),(694,'2022-12-23','2022-12-23 10:00:00.000000','humidade',13.78,3),(695,'2022-12-23','2022-12-23 11:00:00.000000','temperatura',16.82,3),(696,'2022-12-23','2022-12-23 11:00:00.000000','humidade',13.5,3),(697,'2022-12-23','2022-12-23 12:00:00.000000','temperatura',17.56,3),(698,'2022-12-23','2022-12-23 12:00:00.000000','humidade',12.600000000000001,3),(699,'2022-12-23','2022-12-23 13:00:00.000000','temperatura',19,3),(700,'2022-12-23','2022-12-23 13:00:00.000000','humidade',11.06,3),(701,'2022-12-23','2022-12-23 14:00:00.000000','temperatura',18.2,3),(702,'2022-12-23','2022-12-23 14:00:00.000000','humidade',12.18,3),(703,'2022-12-23','2022-12-23 15:00:00.000000','temperatura',16.1,3),(704,'2022-12-23','2022-12-23 15:00:00.000000','humidade',14.079999999999998,3),(705,'2022-12-23','2022-12-23 16:00:00.000000','temperatura',16.76,3),(706,'2022-12-23','2022-12-23 16:00:00.000000','humidade',13.399999999999999,3),(707,'2022-12-23','2022-12-23 17:00:00.000000','temperatura',16.8,3),(708,'2022-12-23','2022-12-23 17:00:00.000000','humidade',13.5,3),(709,'2022-12-23','2022-12-23 18:00:00.000000','temperatura',15.1,3),(710,'2022-12-23','2022-12-23 18:00:00.000000','humidade',15.1,3),(711,'2022-12-23','2022-12-23 19:00:00.000000','temperatura',15,3),(712,'2022-12-23','2022-12-23 19:00:00.000000','humidade',15.02,3),(713,'2022-12-23','2022-12-23 20:00:00.000000','temperatura',15.16,3),(714,'2022-12-23','2022-12-23 20:00:00.000000','humidade',15.2,3),(715,'2022-12-23','2022-12-23 21:00:00.000000','temperatura',11.92,3),(716,'2022-12-23','2022-12-23 21:00:00.000000','humidade',18.279999999999998,3),(717,'2022-12-23','2022-12-23 22:00:00.000000','temperatura',11.4,3),(718,'2022-12-23','2022-12-23 22:00:00.000000','humidade',18.700000000000003,3),(719,'2022-12-23','2022-12-23 23:00:00.000000','temperatura',11.8,3),(720,'2022-12-23','2022-12-23 23:00:00.000000','humidade',18.32,3),(721,'2022-12-24','2022-12-24 00:00:00.000000','temperatura',11.819999999999999,3),(722,'2022-12-24','2022-12-24 00:00:00.000000','humidade',18.32,3),(723,'2022-12-24','2022-12-24 01:00:00.000000','temperatura',10.54,3),(724,'2022-12-24','2022-12-24 01:00:00.000000','humidade',19.54,3),(725,'2022-12-24','2022-12-24 02:00:00.000000','temperatura',10.52,3),(726,'2022-12-24','2022-12-24 02:00:00.000000','humidade',19.6,3),(727,'2022-12-24','2022-12-24 03:00:00.000000','temperatura',13.16,3),(728,'2022-12-24','2022-12-24 03:00:00.000000','humidade',17.12,3),(729,'2022-12-24','2022-12-24 04:00:00.000000','temperatura',12.6,3),(730,'2022-12-24','2022-12-24 04:00:00.000000','humidade',17.64,3),(731,'2022-12-24','2022-12-24 05:00:00.000000','temperatura',13.04,3),(732,'2022-12-24','2022-12-24 05:00:00.000000','humidade',17.12,3),(733,'2022-12-24','2022-12-24 06:00:00.000000','temperatura',14,3),(734,'2022-12-24','2022-12-24 06:00:00.000000','humidade',16.14,3),(735,'2022-12-24','2022-12-24 07:00:00.000000','temperatura',13.719999999999999,3),(736,'2022-12-24','2022-12-24 07:00:00.000000','humidade',16.58,3),(737,'2022-12-24','2022-12-24 08:00:00.000000','temperatura',13.98,3),(738,'2022-12-24','2022-12-24 08:00:00.000000','humidade',16.24,3),(739,'2022-12-24','2022-12-24 09:00:00.000000','temperatura',16.3,3),(740,'2022-12-24','2022-12-24 09:00:00.000000','humidade',13.959999999999999,3),(741,'2022-12-24','2022-12-24 10:00:00.000000','temperatura',16.3,3),(742,'2022-12-24','2022-12-24 10:00:00.000000','humidade',13.86,3),(743,'2022-12-24','2022-12-24 11:00:00.000000','temperatura',16.72,3),(744,'2022-12-24','2022-12-24 11:00:00.000000','humidade',13.38,3),(745,'2022-12-24','2022-12-24 12:00:00.000000','temperatura',17.5,3),(746,'2022-12-24','2022-12-24 12:00:00.000000','humidade',12.680000000000001,3),(747,'2022-12-24','2022-12-24 13:00:00.000000','temperatura',19.04,3),(748,'2022-12-24','2022-12-24 13:00:00.000000','humidade',11.04,3),(749,'2022-12-24','2022-12-24 14:00:00.000000','temperatura',18.12,3),(750,'2022-12-24','2022-12-24 14:00:00.000000','humidade',12.2,3),(751,'2022-12-24','2022-12-24 15:00:00.000000','temperatura',16.3,3),(752,'2022-12-24','2022-12-24 15:00:00.000000','humidade',14.04,3),(753,'2022-12-24','2022-12-24 16:00:00.000000','temperatura',16.62,3),(754,'2022-12-24','2022-12-24 16:00:00.000000','humidade',13.419999999999998,3),(755,'2022-12-24','2022-12-24 17:00:00.000000','temperatura',16.84,3),(756,'2022-12-24','2022-12-24 17:00:00.000000','humidade',13.34,3),(757,'2022-12-24','2022-12-24 18:00:00.000000','temperatura',15.1,3),(758,'2022-12-24','2022-12-24 18:00:00.000000','humidade',15.12,3),(759,'2022-12-24','2022-12-24 19:00:00.000000','temperatura',15.18,3),(760,'2022-12-24','2022-12-24 19:00:00.000000','humidade',15.18,3),(761,'2022-12-24','2022-12-24 20:00:00.000000','temperatura',15.04,3),(762,'2022-12-24','2022-12-24 20:00:00.000000','humidade',15.04,3),(763,'2022-12-24','2022-12-24 21:00:00.000000','temperatura',11.92,3),(764,'2022-12-24','2022-12-24 21:00:00.000000','humidade',18.2,3),(765,'2022-12-24','2022-12-24 22:00:00.000000','temperatura',11.540000000000001,3),(766,'2022-12-24','2022-12-24 22:00:00.000000','humidade',18.68,3),(767,'2022-12-24','2022-12-24 23:00:00.000000','temperatura',11.8,3),(768,'2022-12-24','2022-12-24 23:00:00.000000','humidade',18.22,3),(769,'2022-12-25','2022-12-25 00:00:00.000000','temperatura',11.78,3),(770,'2022-12-25','2022-12-25 00:00:00.000000','humidade',18.400000000000002,3),(771,'2022-12-25','2022-12-25 01:00:00.000000','temperatura',10.56,3),(772,'2022-12-25','2022-12-25 01:00:00.000000','humidade',19.58,3),(773,'2022-12-25','2022-12-25 02:00:00.000000','temperatura',10.7,3),(774,'2022-12-25','2022-12-25 02:00:00.000000','humidade',19.68,3),(775,'2022-12-25','2022-12-25 03:00:00.000000','temperatura',13.08,3),(776,'2022-12-25','2022-12-25 03:00:00.000000','humidade',17.04,3),(777,'2022-12-25','2022-12-25 04:00:00.000000','temperatura',12.46,3),(778,'2022-12-25','2022-12-25 04:00:00.000000','humidade',17.66,3),(779,'2022-12-25','2022-12-25 05:00:00.000000','temperatura',13.06,3),(780,'2022-12-25','2022-12-25 05:00:00.000000','humidade',17.14,3),(781,'2022-12-25','2022-12-25 06:00:00.000000','temperatura',14.02,3),(782,'2022-12-25','2022-12-25 06:00:00.000000','humidade',16.26,3),(783,'2022-12-25','2022-12-25 07:00:00.000000','temperatura',13.66,3),(784,'2022-12-25','2022-12-25 07:00:00.000000','humidade',16.5,3),(785,'2022-12-25','2022-12-25 08:00:00.000000','temperatura',14,3),(786,'2022-12-25','2022-12-25 08:00:00.000000','humidade',16.279999999999998,3),(787,'2022-12-25','2022-12-25 09:00:00.000000','temperatura',16.18,3),(788,'2022-12-25','2022-12-25 09:00:00.000000','humidade',13.959999999999999,3),(789,'2022-12-25','2022-12-25 10:00:00.000000','temperatura',16.34,3),(790,'2022-12-25','2022-12-25 10:00:00.000000','humidade',13.879999999999999,3),(791,'2022-12-25','2022-12-25 11:00:00.000000','temperatura',16.88,3),(792,'2022-12-25','2022-12-25 11:00:00.000000','humidade',13.32,3),(793,'2022-12-25','2022-12-25 12:00:00.000000','temperatura',17.58,3),(794,'2022-12-25','2022-12-25 12:00:00.000000','humidade',12.680000000000001,3),(795,'2022-12-25','2022-12-25 13:00:00.000000','temperatura',19,3),(796,'2022-12-25','2022-12-25 13:00:00.000000','humidade',11,3),(797,'2022-12-25','2022-12-25 14:00:00.000000','temperatura',18.2,3),(798,'2022-12-25','2022-12-25 14:00:00.000000','humidade',12.16,3),(799,'2022-12-25','2022-12-25 15:00:00.000000','temperatura',16.1,3),(800,'2022-12-25','2022-12-25 15:00:00.000000','humidade',14.019999999999998,3),(801,'2022-12-25','2022-12-25 16:00:00.000000','temperatura',16.78,3),(802,'2022-12-25','2022-12-25 16:00:00.000000','humidade',13.419999999999998,3),(803,'2022-12-25','2022-12-25 17:00:00.000000','temperatura',16.759999999999998,3),(804,'2022-12-25','2022-12-25 17:00:00.000000','humidade',13.360000000000001,3),(805,'2022-12-25','2022-12-25 18:00:00.000000','temperatura',15.1,3),(806,'2022-12-25','2022-12-25 18:00:00.000000','humidade',15.14,3),(807,'2022-12-25','2022-12-25 19:00:00.000000','temperatura',15.16,3),(808,'2022-12-25','2022-12-25 19:00:00.000000','humidade',15.04,3),(809,'2022-12-25','2022-12-25 20:00:00.000000','temperatura',15.04,3),(810,'2022-12-25','2022-12-25 20:00:00.000000','humidade',15.02,3),(811,'2022-12-25','2022-12-25 21:00:00.000000','temperatura',12,3),(812,'2022-12-25','2022-12-25 21:00:00.000000','humidade',18.24,3),(813,'2022-12-25','2022-12-25 22:00:00.000000','temperatura',11.58,3),(814,'2022-12-25','2022-12-25 22:00:00.000000','humidade',18.62,3),(815,'2022-12-25','2022-12-25 23:00:00.000000','temperatura',11.9,3),(816,'2022-12-25','2022-12-25 23:00:00.000000','humidade',18.279999999999998,3),(817,'2022-12-26','2022-12-26 00:00:00.000000','temperatura',11.86,3),(818,'2022-12-26','2022-12-26 00:00:00.000000','humidade',18.32,3),(819,'2022-12-26','2022-12-26 01:00:00.000000','temperatura',10.6,3),(820,'2022-12-26','2022-12-26 01:00:00.000000','humidade',19.7,3),(821,'2022-12-26','2022-12-26 02:00:00.000000','temperatura',10.5,3),(822,'2022-12-26','2022-12-26 02:00:00.000000','humidade',19.62,3),(823,'2022-12-26','2022-12-26 03:00:00.000000','temperatura',13.04,3),(824,'2022-12-26','2022-12-26 03:00:00.000000','humidade',17.18,3),(825,'2022-12-26','2022-12-26 04:00:00.000000','temperatura',12.58,3),(826,'2022-12-26','2022-12-26 04:00:00.000000','humidade',17.6,3),(827,'2022-12-26','2022-12-26 05:00:00.000000','temperatura',13,3),(828,'2022-12-26','2022-12-26 05:00:00.000000','humidade',17.04,3),(829,'2022-12-26','2022-12-26 06:00:00.000000','temperatura',13.98,3),(830,'2022-12-26','2022-12-26 06:00:00.000000','humidade',16.16,3),(831,'2022-12-26','2022-12-26 07:00:00.000000','temperatura',13.66,3),(832,'2022-12-26','2022-12-26 07:00:00.000000','humidade',16.599999999999998,3),(833,'2022-12-26','2022-12-26 08:00:00.000000','temperatura',13.9,3),(834,'2022-12-26','2022-12-26 08:00:00.000000','humidade',16.38,3),(835,'2022-12-26','2022-12-26 09:00:00.000000','temperatura',16.18,3),(836,'2022-12-26','2022-12-26 09:00:00.000000','humidade',14.04,3),(837,'2022-12-26','2022-12-26 10:00:00.000000','temperatura',16.400000000000002,3),(838,'2022-12-26','2022-12-26 10:00:00.000000','humidade',13.799999999999999,3),(839,'2022-12-26','2022-12-26 11:00:00.000000','temperatura',16.88,3),(840,'2022-12-26','2022-12-26 11:00:00.000000','humidade',13.32,3),(841,'2022-12-26','2022-12-26 12:00:00.000000','temperatura',17.54,3),(842,'2022-12-26','2022-12-26 12:00:00.000000','humidade',12.72,3),(843,'2022-12-26','2022-12-26 13:00:00.000000','temperatura',19.16,3),(844,'2022-12-26','2022-12-26 13:00:00.000000','humidade',11,3),(845,'2022-12-26','2022-12-26 14:00:00.000000','temperatura',18.12,3),(846,'2022-12-26','2022-12-26 14:00:00.000000','humidade',12.2,3),(847,'2022-12-26','2022-12-26 15:00:00.000000','temperatura',16.240000000000002,3),(848,'2022-12-26','2022-12-26 15:00:00.000000','humidade',14.04,3),(849,'2022-12-26','2022-12-26 16:00:00.000000','temperatura',16.8,3),(850,'2022-12-26','2022-12-26 16:00:00.000000','humidade',13.479999999999999,3),(851,'2022-12-26','2022-12-26 17:00:00.000000','temperatura',16.84,3),(852,'2022-12-26','2022-12-26 17:00:00.000000','humidade',13.360000000000001,3),(853,'2022-12-26','2022-12-26 18:00:00.000000','temperatura',15.02,3),(854,'2022-12-26','2022-12-26 18:00:00.000000','humidade',15.08,3),(855,'2022-12-26','2022-12-26 19:00:00.000000','temperatura',15.14,3),(856,'2022-12-26','2022-12-26 19:00:00.000000','humidade',15.02,3),(857,'2022-12-26','2022-12-26 20:00:00.000000','temperatura',15.08,3),(858,'2022-12-26','2022-12-26 20:00:00.000000','humidade',15,3),(859,'2022-12-26','2022-12-26 21:00:00.000000','temperatura',11.9,3),(860,'2022-12-26','2022-12-26 21:00:00.000000','humidade',18.38,3),(861,'2022-12-26','2022-12-26 22:00:00.000000','temperatura',11.5,3),(862,'2022-12-26','2022-12-26 22:00:00.000000','humidade',18.76,3),(863,'2022-12-26','2022-12-26 23:00:00.000000','temperatura',11.82,3),(864,'2022-12-26','2022-12-26 23:00:00.000000','humidade',18.38,3),(865,'2022-12-27','2022-12-27 00:00:00.000000','temperatura',11.879999999999999,3),(866,'2022-12-27','2022-12-27 00:00:00.000000','humidade',18.38,3),(867,'2022-12-27','2022-12-27 01:00:00.000000','temperatura',10.52,3),(868,'2022-12-27','2022-12-27 01:00:00.000000','humidade',19.54,3),(869,'2022-12-27','2022-12-27 02:00:00.000000','temperatura',10.6,3),(870,'2022-12-27','2022-12-27 02:00:00.000000','humidade',19.5,3),(871,'2022-12-27','2022-12-27 03:00:00.000000','temperatura',13.02,3),(872,'2022-12-27','2022-12-27 03:00:00.000000','humidade',17.12,3),(873,'2022-12-27','2022-12-27 04:00:00.000000','temperatura',12.540000000000001,3),(874,'2022-12-27','2022-12-27 04:00:00.000000','humidade',17.720000000000002,3),(875,'2022-12-27','2022-12-27 05:00:00.000000','temperatura',13.12,3),(876,'2022-12-27','2022-12-27 05:00:00.000000','humidade',17.14,3),(877,'2022-12-27','2022-12-27 06:00:00.000000','temperatura',14.1,3),(878,'2022-12-27','2022-12-27 06:00:00.000000','humidade',16.3,3),(879,'2022-12-27','2022-12-27 07:00:00.000000','temperatura',13.66,3),(880,'2022-12-27','2022-12-27 07:00:00.000000','humidade',16.58,3),(881,'2022-12-27','2022-12-27 08:00:00.000000','temperatura',13.88,3),(882,'2022-12-27','2022-12-27 08:00:00.000000','humidade',16.279999999999998,3),(883,'2022-12-27','2022-12-27 09:00:00.000000','temperatura',16.240000000000002,3),(884,'2022-12-27','2022-12-27 09:00:00.000000','humidade',13.979999999999999,3),(885,'2022-12-27','2022-12-27 10:00:00.000000','temperatura',16.42,3),(886,'2022-12-27','2022-12-27 10:00:00.000000','humidade',13.84,3),(887,'2022-12-27','2022-12-27 11:00:00.000000','temperatura',16.779999999999998,3),(888,'2022-12-27','2022-12-27 11:00:00.000000','humidade',13.46,3),(889,'2022-12-27','2022-12-27 12:00:00.000000','temperatura',17.56,3),(890,'2022-12-27','2022-12-27 12:00:00.000000','humidade',12.680000000000001,3),(891,'2022-12-27','2022-12-27 13:00:00.000000','temperatura',19.2,3),(892,'2022-12-27','2022-12-27 13:00:00.000000','humidade',11.1,3),(893,'2022-12-27','2022-12-27 14:00:00.000000','temperatura',18.16,3),(894,'2022-12-27','2022-12-27 14:00:00.000000','humidade',12.08,3),(895,'2022-12-27','2022-12-27 15:00:00.000000','temperatura',16.14,3),(896,'2022-12-27','2022-12-27 15:00:00.000000','humidade',14.099999999999998,3),(897,'2022-12-27','2022-12-27 16:00:00.000000','temperatura',16.740000000000002,3),(898,'2022-12-27','2022-12-27 16:00:00.000000','humidade',13.519999999999998,3),(899,'2022-12-27','2022-12-27 17:00:00.000000','temperatura',16.7,3),(900,'2022-12-27','2022-12-27 17:00:00.000000','humidade',13.5,3),(901,'2022-12-27','2022-12-27 18:00:00.000000','temperatura',15.1,3),(902,'2022-12-27','2022-12-27 18:00:00.000000','humidade',15.08,3),(903,'2022-12-27','2022-12-27 19:00:00.000000','temperatura',15.1,3),(904,'2022-12-27','2022-12-27 19:00:00.000000','humidade',15.14,3),(905,'2022-12-27','2022-12-27 20:00:00.000000','temperatura',15.04,3),(906,'2022-12-27','2022-12-27 20:00:00.000000','humidade',15,3),(907,'2022-12-27','2022-12-27 21:00:00.000000','temperatura',11.9,3),(908,'2022-12-27','2022-12-27 21:00:00.000000','humidade',18.3,3),(909,'2022-12-27','2022-12-27 22:00:00.000000','temperatura',11.4,3),(910,'2022-12-27','2022-12-27 22:00:00.000000','humidade',18.62,3),(911,'2022-12-27','2022-12-27 23:00:00.000000','temperatura',11.8,3),(912,'2022-12-27','2022-12-27 23:00:00.000000','humidade',18.3,3),(913,'2022-12-28','2022-12-28 00:00:00.000000','temperatura',11.7,3),(914,'2022-12-28','2022-12-28 00:00:00.000000','humidade',18.400000000000002,3),(915,'2022-12-28','2022-12-28 01:00:00.000000','temperatura',10.66,3),(916,'2022-12-28','2022-12-28 01:00:00.000000','humidade',19.6,3),(917,'2022-12-28','2022-12-28 02:00:00.000000','temperatura',10.66,3),(918,'2022-12-28','2022-12-28 02:00:00.000000','humidade',19.68,3),(919,'2022-12-28','2022-12-28 03:00:00.000000','temperatura',13.2,3),(920,'2022-12-28','2022-12-28 03:00:00.000000','humidade',17.14,3),(921,'2022-12-28','2022-12-28 04:00:00.000000','temperatura',12.46,3),(922,'2022-12-28','2022-12-28 04:00:00.000000','humidade',17.6,3),(923,'2022-12-28','2022-12-28 05:00:00.000000','temperatura',13.18,3),(924,'2022-12-28','2022-12-28 05:00:00.000000','humidade',17.1,3),(925,'2022-12-28','2022-12-28 06:00:00.000000','temperatura',13.94,3),(926,'2022-12-28','2022-12-28 06:00:00.000000','humidade',16.14,3),(927,'2022-12-28','2022-12-28 07:00:00.000000','temperatura',13.74,3),(928,'2022-12-28','2022-12-28 07:00:00.000000','humidade',16.479999999999997,3),(929,'2022-12-28','2022-12-28 08:00:00.000000','temperatura',13.88,3),(930,'2022-12-28','2022-12-28 08:00:00.000000','humidade',16.279999999999998,3),(931,'2022-12-28','2022-12-28 09:00:00.000000','temperatura',16.14,3),(932,'2022-12-28','2022-12-28 09:00:00.000000','humidade',14.059999999999999,3),(933,'2022-12-28','2022-12-28 10:00:00.000000','temperatura',16.44,3),(934,'2022-12-28','2022-12-28 10:00:00.000000','humidade',13.78,3),(935,'2022-12-28','2022-12-28 11:00:00.000000','temperatura',16.7,3),(936,'2022-12-28','2022-12-28 11:00:00.000000','humidade',13.3,3),(937,'2022-12-28','2022-12-28 12:00:00.000000','temperatura',17.58,3),(938,'2022-12-28','2022-12-28 12:00:00.000000','humidade',12.8,3),(939,'2022-12-28','2022-12-28 13:00:00.000000','temperatura',19.2,3),(940,'2022-12-28','2022-12-28 13:00:00.000000','humidade',11.16,3),(941,'2022-12-28','2022-12-28 14:00:00.000000','temperatura',18.16,3),(942,'2022-12-28','2022-12-28 14:00:00.000000','humidade',12.12,3),(943,'2022-12-28','2022-12-28 15:00:00.000000','temperatura',16.1,3),(944,'2022-12-28','2022-12-28 15:00:00.000000','humidade',13.999999999999998,3),(945,'2022-12-28','2022-12-28 16:00:00.000000','temperatura',16.66,3),(946,'2022-12-28','2022-12-28 16:00:00.000000','humidade',13.479999999999999,3),(947,'2022-12-28','2022-12-28 17:00:00.000000','temperatura',16.9,3),(948,'2022-12-28','2022-12-28 17:00:00.000000','humidade',13.42,3),(949,'2022-12-28','2022-12-28 18:00:00.000000','temperatura',15.06,3),(950,'2022-12-28','2022-12-28 18:00:00.000000','humidade',15.06,3),(951,'2022-12-28','2022-12-28 19:00:00.000000','temperatura',15.12,3),(952,'2022-12-28','2022-12-28 19:00:00.000000','humidade',15.06,3),(953,'2022-12-28','2022-12-28 20:00:00.000000','temperatura',15.18,3),(954,'2022-12-28','2022-12-28 20:00:00.000000','humidade',15.18,3),(955,'2022-12-28','2022-12-28 21:00:00.000000','temperatura',11.9,3),(956,'2022-12-28','2022-12-28 21:00:00.000000','humidade',18.24,3),(957,'2022-12-28','2022-12-28 22:00:00.000000','temperatura',11.44,3),(958,'2022-12-28','2022-12-28 22:00:00.000000','humidade',18.64,3),(959,'2022-12-28','2022-12-28 23:00:00.000000','temperatura',11.9,3),(960,'2022-12-28','2022-12-28 23:00:00.000000','humidade',18.24,3),(961,'2022-12-29','2022-12-29 00:00:00.000000','temperatura',11.899999999999999,3),(962,'2022-12-29','2022-12-29 00:00:00.000000','humidade',18.32,3),(963,'2022-12-29','2022-12-29 01:00:00.000000','temperatura',10.68,3),(964,'2022-12-29','2022-12-29 01:00:00.000000','humidade',19.52,3),(965,'2022-12-29','2022-12-29 02:00:00.000000','temperatura',10.64,3),(966,'2022-12-29','2022-12-29 02:00:00.000000','humidade',19.66,3),(967,'2022-12-29','2022-12-29 03:00:00.000000','temperatura',13.08,3),(968,'2022-12-29','2022-12-29 03:00:00.000000','humidade',17.06,3),(969,'2022-12-29','2022-12-29 04:00:00.000000','temperatura',12.58,3),(970,'2022-12-29','2022-12-29 04:00:00.000000','humidade',17.64,3),(971,'2022-12-29','2022-12-29 05:00:00.000000','temperatura',13.02,3),(972,'2022-12-29','2022-12-29 05:00:00.000000','humidade',17.14,3),(973,'2022-12-29','2022-12-29 06:00:00.000000','temperatura',14.1,3),(974,'2022-12-29','2022-12-29 06:00:00.000000','humidade',16.16,3),(975,'2022-12-29','2022-12-29 07:00:00.000000','temperatura',13.74,3),(976,'2022-12-29','2022-12-29 07:00:00.000000','humidade',16.58,3),(977,'2022-12-29','2022-12-29 08:00:00.000000','temperatura',13.940000000000001,3),(978,'2022-12-29','2022-12-29 08:00:00.000000','humidade',16.24,3),(979,'2022-12-29','2022-12-29 09:00:00.000000','temperatura',16.26,3),(980,'2022-12-29','2022-12-29 09:00:00.000000','humidade',13.899999999999999,3),(981,'2022-12-29','2022-12-29 10:00:00.000000','temperatura',16.3,3),(982,'2022-12-29','2022-12-29 10:00:00.000000','humidade',13.799999999999999,3),(983,'2022-12-29','2022-12-29 11:00:00.000000','temperatura',16.74,3),(984,'2022-12-29','2022-12-29 11:00:00.000000','humidade',13.38,3),(985,'2022-12-29','2022-12-29 12:00:00.000000','temperatura',17.419999999999998,3),(986,'2022-12-29','2022-12-29 12:00:00.000000','humidade',12.780000000000001,3),(987,'2022-12-29','2022-12-29 13:00:00.000000','temperatura',19.2,3),(988,'2022-12-29','2022-12-29 13:00:00.000000','humidade',11,3),(989,'2022-12-29','2022-12-29 14:00:00.000000','temperatura',18.2,3),(990,'2022-12-29','2022-12-29 14:00:00.000000','humidade',12.08,3),(991,'2022-12-29','2022-12-29 15:00:00.000000','temperatura',16.26,3),(992,'2022-12-29','2022-12-29 15:00:00.000000','humidade',14.079999999999998,3),(993,'2022-12-29','2022-12-29 16:00:00.000000','temperatura',16.62,3),(994,'2022-12-29','2022-12-29 16:00:00.000000','humidade',13.479999999999999,3),(995,'2022-12-29','2022-12-29 17:00:00.000000','temperatura',16.74,3),(996,'2022-12-29','2022-12-29 17:00:00.000000','humidade',13.3,3),(997,'2022-12-29','2022-12-29 18:00:00.000000','temperatura',15.02,3),(998,'2022-12-29','2022-12-29 18:00:00.000000','humidade',15.14,3),(999,'2022-12-29','2022-12-29 19:00:00.000000','temperatura',15.06,3),(1000,'2022-12-29','2022-12-29 19:00:00.000000','humidade',15.2,3),(1001,'2022-12-29','2022-12-29 20:00:00.000000','temperatura',15,3),(1002,'2022-12-29','2022-12-29 20:00:00.000000','humidade',15.2,3),(1003,'2022-12-29','2022-12-29 21:00:00.000000','temperatura',12,3),(1004,'2022-12-29','2022-12-29 21:00:00.000000','humidade',18.22,3),(1005,'2022-12-29','2022-12-29 22:00:00.000000','temperatura',11.58,3),(1006,'2022-12-29','2022-12-29 22:00:00.000000','humidade',18.78,3),(1007,'2022-12-29','2022-12-29 23:00:00.000000','temperatura',11.8,3),(1008,'2022-12-29','2022-12-29 23:00:00.000000','humidade',18.2,3);
/*!40000 ALTER TABLE `sensor_measurements_externo` ENABLE KEYS */;
UNLOCK TABLES;

--
-- Table structure for table `sensor_measurements_quarto`
--

DROP TABLE IF EXISTS `sensor_measurements_quarto`;
/*!40101 SET @saved_cs_client     = @@character_set_client */;
/*!50503 SET character_set_client = utf8mb4 */;
CREATE TABLE `sensor_measurements_quarto` (
  `id` int NOT NULL AUTO_INCREMENT,
  `dia` date DEFAULT NULL,
  `stamp` datetime(6) DEFAULT NULL,
  `tipo` varchar(255) DEFAULT NULL,
  `valor` double DEFAULT NULL,
  `id_div` int DEFAULT NULL,
  PRIMARY KEY (`id`),
  KEY `FKlb7aq9ekrf2ert6mcj1uh1ctq` (`id_div`),
  CONSTRAINT `FKlb7aq9ekrf2ert6mcj1uh1ctq` FOREIGN KEY (`id_div`) REFERENCES `divisao` (`id`)
) ENGINE=InnoDB AUTO_INCREMENT=1009 DEFAULT CHARSET=utf8mb4 COLLATE=utf8mb4_0900_ai_ci;
/*!40101 SET character_set_client = @saved_cs_client */;

--
-- Dumping data for table `sensor_measurements_quarto`
--

LOCK TABLES `sensor_measurements_quarto` WRITE;
/*!40000 ALTER TABLE `sensor_measurements_quarto` DISABLE KEYS */;
INSERT INTO `sensor_measurements_quarto` VALUES (673,'2022-12-23','2022-12-23 00:00:00.000000','temperatura',11.84,4),(674,'2022-12-23','2022-12-23 00:00:00.000000','humidade',18.48,4),(675,'2022-12-23','2022-12-23 01:00:00.000000','temperatura',10.7,4),(676,'2022-12-23','2022-12-23 01:00:00.000000','humidade',19.5,4),(677,'2022-12-23','2022-12-23 02:00:00.000000','temperatura',10.66,4),(678,'2022-12-23','2022-12-23 02:00:00.000000','humidade',19.54,4),(679,'2022-12-23','2022-12-23 03:00:00.000000','temperatura',13,4),(680,'2022-12-23','2022-12-23 03:00:00.000000','humidade',17.1,4),(681,'2022-12-23','2022-12-23 04:00:00.000000','temperatura',12.42,4),(682,'2022-12-23','2022-12-23 04:00:00.000000','humidade',17.6,4),(683,'2022-12-23','2022-12-23 05:00:00.000000','temperatura',13.08,4),(684,'2022-12-23','2022-12-23 05:00:00.000000','humidade',17.08,4),(685,'2022-12-23','2022-12-23 06:00:00.000000','temperatura',13.94,4),(686,'2022-12-23','2022-12-23 06:00:00.000000','humidade',16.28,4),(687,'2022-12-23','2022-12-23 07:00:00.000000','temperatura',13.6,4),(688,'2022-12-23','2022-12-23 07:00:00.000000','humidade',16.58,4),(689,'2022-12-23','2022-12-23 08:00:00.000000','temperatura',13.98,4),(690,'2022-12-23','2022-12-23 08:00:00.000000','humidade',16.22,4),(691,'2022-12-23','2022-12-23 09:00:00.000000','temperatura',16.220000000000002,4),(692,'2022-12-23','2022-12-23 09:00:00.000000','humidade',14.059999999999999,4),(693,'2022-12-23','2022-12-23 10:00:00.000000','temperatura',16.32,4),(694,'2022-12-23','2022-12-23 10:00:00.000000','humidade',13.84,4),(695,'2022-12-23','2022-12-23 11:00:00.000000','temperatura',16.82,4),(696,'2022-12-23','2022-12-23 11:00:00.000000','humidade',13.46,4),(697,'2022-12-23','2022-12-23 12:00:00.000000','temperatura',17.56,4),(698,'2022-12-23','2022-12-23 12:00:00.000000','humidade',12.600000000000001,4),(699,'2022-12-23','2022-12-23 13:00:00.000000','temperatura',19.16,4),(700,'2022-12-23','2022-12-23 13:00:00.000000','humidade',11.1,4),(701,'2022-12-23','2022-12-23 14:00:00.000000','temperatura',18,4),(702,'2022-12-23','2022-12-23 14:00:00.000000','humidade',12,4),(703,'2022-12-23','2022-12-23 15:00:00.000000','temperatura',16.1,4),(704,'2022-12-23','2022-12-23 15:00:00.000000','humidade',14.079999999999998,4),(705,'2022-12-23','2022-12-23 16:00:00.000000','temperatura',16.62,4),(706,'2022-12-23','2022-12-23 16:00:00.000000','humidade',13.439999999999998,4),(707,'2022-12-23','2022-12-23 17:00:00.000000','temperatura',16.84,4),(708,'2022-12-23','2022-12-23 17:00:00.000000','humidade',13.5,4),(709,'2022-12-23','2022-12-23 18:00:00.000000','temperatura',15.02,4),(710,'2022-12-23','2022-12-23 18:00:00.000000','humidade',15.16,4),(711,'2022-12-23','2022-12-23 19:00:00.000000','temperatura',15.2,4),(712,'2022-12-23','2022-12-23 19:00:00.000000','humidade',15.02,4),(713,'2022-12-23','2022-12-23 20:00:00.000000','temperatura',15.08,4),(714,'2022-12-23','2022-12-23 20:00:00.000000','humidade',15,4),(715,'2022-12-23','2022-12-23 21:00:00.000000','temperatura',11.8,4),(716,'2022-12-23','2022-12-23 21:00:00.000000','humidade',18.259999999999998,4),(717,'2022-12-23','2022-12-23 22:00:00.000000','temperatura',11.52,4),(718,'2022-12-23','2022-12-23 22:00:00.000000','humidade',18.740000000000002,4),(719,'2022-12-23','2022-12-23 23:00:00.000000','temperatura',12,4),(720,'2022-12-23','2022-12-23 23:00:00.000000','humidade',18.24,4),(721,'2022-12-24','2022-12-24 00:00:00.000000','temperatura',11.76,4),(722,'2022-12-24','2022-12-24 00:00:00.000000','humidade',18.44,4),(723,'2022-12-24','2022-12-24 01:00:00.000000','temperatura',10.62,4),(724,'2022-12-24','2022-12-24 01:00:00.000000','humidade',19.66,4),(725,'2022-12-24','2022-12-24 02:00:00.000000','temperatura',10.54,4),(726,'2022-12-24','2022-12-24 02:00:00.000000','humidade',19.52,4),(727,'2022-12-24','2022-12-24 03:00:00.000000','temperatura',13.14,4),(728,'2022-12-24','2022-12-24 03:00:00.000000','humidade',17,4),(729,'2022-12-24','2022-12-24 04:00:00.000000','temperatura',12.42,4),(730,'2022-12-24','2022-12-24 04:00:00.000000','humidade',17.700000000000003,4),(731,'2022-12-24','2022-12-24 05:00:00.000000','temperatura',13.08,4),(732,'2022-12-24','2022-12-24 05:00:00.000000','humidade',17.06,4),(733,'2022-12-24','2022-12-24 06:00:00.000000','temperatura',13.94,4),(734,'2022-12-24','2022-12-24 06:00:00.000000','humidade',16.28,4),(735,'2022-12-24','2022-12-24 07:00:00.000000','temperatura',13.78,4),(736,'2022-12-24','2022-12-24 07:00:00.000000','humidade',16.479999999999997,4),(737,'2022-12-24','2022-12-24 08:00:00.000000','temperatura',13.98,4),(738,'2022-12-24','2022-12-24 08:00:00.000000','humidade',16.4,4),(739,'2022-12-24','2022-12-24 09:00:00.000000','temperatura',16.26,4),(740,'2022-12-24','2022-12-24 09:00:00.000000','humidade',13.959999999999999,4),(741,'2022-12-24','2022-12-24 10:00:00.000000','temperatura',16.48,4),(742,'2022-12-24','2022-12-24 10:00:00.000000','humidade',13.86,4),(743,'2022-12-24','2022-12-24 11:00:00.000000','temperatura',16.84,4),(744,'2022-12-24','2022-12-24 11:00:00.000000','humidade',13.46,4),(745,'2022-12-24','2022-12-24 12:00:00.000000','temperatura',17.4,4),(746,'2022-12-24','2022-12-24 12:00:00.000000','humidade',12.680000000000001,4),(747,'2022-12-24','2022-12-24 13:00:00.000000','temperatura',19.18,4),(748,'2022-12-24','2022-12-24 13:00:00.000000','humidade',11.18,4),(749,'2022-12-24','2022-12-24 14:00:00.000000','temperatura',18.02,4),(750,'2022-12-24','2022-12-24 14:00:00.000000','humidade',12.14,4),(751,'2022-12-24','2022-12-24 15:00:00.000000','temperatura',16.240000000000002,4),(752,'2022-12-24','2022-12-24 15:00:00.000000','humidade',14.079999999999998,4),(753,'2022-12-24','2022-12-24 16:00:00.000000','temperatura',16.6,4),(754,'2022-12-24','2022-12-24 16:00:00.000000','humidade',13.579999999999998,4),(755,'2022-12-24','2022-12-24 17:00:00.000000','temperatura',16.82,4),(756,'2022-12-24','2022-12-24 17:00:00.000000','humidade',13.38,4),(757,'2022-12-24','2022-12-24 18:00:00.000000','temperatura',15.2,4),(758,'2022-12-24','2022-12-24 18:00:00.000000','humidade',15.2,4),(759,'2022-12-24','2022-12-24 19:00:00.000000','temperatura',15.02,4),(760,'2022-12-24','2022-12-24 19:00:00.000000','humidade',15.16,4),(761,'2022-12-24','2022-12-24 20:00:00.000000','temperatura',15.2,4),(762,'2022-12-24','2022-12-24 20:00:00.000000','humidade',15.08,4),(763,'2022-12-24','2022-12-24 21:00:00.000000','temperatura',11.88,4),(764,'2022-12-24','2022-12-24 21:00:00.000000','humidade',18.2,4),(765,'2022-12-24','2022-12-24 22:00:00.000000','temperatura',11.540000000000001,4),(766,'2022-12-24','2022-12-24 22:00:00.000000','humidade',18.8,4),(767,'2022-12-24','2022-12-24 23:00:00.000000','temperatura',11.96,4),(768,'2022-12-24','2022-12-24 23:00:00.000000','humidade',18.38,4),(769,'2022-12-25','2022-12-25 00:00:00.000000','temperatura',11.819999999999999,4),(770,'2022-12-25','2022-12-25 00:00:00.000000','humidade',18.400000000000002,4),(771,'2022-12-25','2022-12-25 01:00:00.000000','temperatura',10.6,4),(772,'2022-12-25','2022-12-25 01:00:00.000000','humidade',19.68,4),(773,'2022-12-25','2022-12-25 02:00:00.000000','temperatura',10.58,4),(774,'2022-12-25','2022-12-25 02:00:00.000000','humidade',19.52,4),(775,'2022-12-25','2022-12-25 03:00:00.000000','temperatura',13.04,4),(776,'2022-12-25','2022-12-25 03:00:00.000000','humidade',17.02,4),(777,'2022-12-25','2022-12-25 04:00:00.000000','temperatura',12.6,4),(778,'2022-12-25','2022-12-25 04:00:00.000000','humidade',17.64,4),(779,'2022-12-25','2022-12-25 05:00:00.000000','temperatura',13.14,4),(780,'2022-12-25','2022-12-25 05:00:00.000000','humidade',17.02,4),(781,'2022-12-25','2022-12-25 06:00:00.000000','temperatura',14,4),(782,'2022-12-25','2022-12-25 06:00:00.000000','humidade',16.28,4),(783,'2022-12-25','2022-12-25 07:00:00.000000','temperatura',13.7,4),(784,'2022-12-25','2022-12-25 07:00:00.000000','humidade',16.419999999999998,4),(785,'2022-12-25','2022-12-25 08:00:00.000000','temperatura',13.8,4),(786,'2022-12-25','2022-12-25 08:00:00.000000','humidade',16.259999999999998,4),(787,'2022-12-25','2022-12-25 09:00:00.000000','temperatura',16.220000000000002,4),(788,'2022-12-25','2022-12-25 09:00:00.000000','humidade',13.979999999999999,4),(789,'2022-12-25','2022-12-25 10:00:00.000000','temperatura',16.48,4),(790,'2022-12-25','2022-12-25 10:00:00.000000','humidade',13.78,4),(791,'2022-12-25','2022-12-25 11:00:00.000000','temperatura',16.9,4),(792,'2022-12-25','2022-12-25 11:00:00.000000','humidade',13.32,4),(793,'2022-12-25','2022-12-25 12:00:00.000000','temperatura',17.479999999999997,4),(794,'2022-12-25','2022-12-25 12:00:00.000000','humidade',12.620000000000001,4),(795,'2022-12-25','2022-12-25 13:00:00.000000','temperatura',19.08,4),(796,'2022-12-25','2022-12-25 13:00:00.000000','humidade',11.1,4),(797,'2022-12-25','2022-12-25 14:00:00.000000','temperatura',18.02,4),(798,'2022-12-25','2022-12-25 14:00:00.000000','humidade',12.08,4),(799,'2022-12-25','2022-12-25 15:00:00.000000','temperatura',16.240000000000002,4),(800,'2022-12-25','2022-12-25 15:00:00.000000','humidade',14.099999999999998,4),(801,'2022-12-25','2022-12-25 16:00:00.000000','temperatura',16.62,4),(802,'2022-12-25','2022-12-25 16:00:00.000000','humidade',13.399999999999999,4),(803,'2022-12-25','2022-12-25 17:00:00.000000','temperatura',16.759999999999998,4),(804,'2022-12-25','2022-12-25 17:00:00.000000','humidade',13.3,4),(805,'2022-12-25','2022-12-25 18:00:00.000000','temperatura',15,4),(806,'2022-12-25','2022-12-25 18:00:00.000000','humidade',15.12,4),(807,'2022-12-25','2022-12-25 19:00:00.000000','temperatura',15.2,4),(808,'2022-12-25','2022-12-25 19:00:00.000000','humidade',15.14,4),(809,'2022-12-25','2022-12-25 20:00:00.000000','temperatura',15,4),(810,'2022-12-25','2022-12-25 20:00:00.000000','humidade',15.16,4),(811,'2022-12-25','2022-12-25 21:00:00.000000','temperatura',11.96,4),(812,'2022-12-25','2022-12-25 21:00:00.000000','humidade',18.3,4),(813,'2022-12-25','2022-12-25 22:00:00.000000','temperatura',11.46,4),(814,'2022-12-25','2022-12-25 22:00:00.000000','humidade',18.8,4),(815,'2022-12-25','2022-12-25 23:00:00.000000','temperatura',11.92,4),(816,'2022-12-25','2022-12-25 23:00:00.000000','humidade',18.3,4),(817,'2022-12-26','2022-12-26 00:00:00.000000','temperatura',11.86,4),(818,'2022-12-26','2022-12-26 00:00:00.000000','humidade',18.36,4),(819,'2022-12-26','2022-12-26 01:00:00.000000','temperatura',10.62,4),(820,'2022-12-26','2022-12-26 01:00:00.000000','humidade',19.5,4),(821,'2022-12-26','2022-12-26 02:00:00.000000','temperatura',10.54,4),(822,'2022-12-26','2022-12-26 02:00:00.000000','humidade',19.64,4),(823,'2022-12-26','2022-12-26 03:00:00.000000','temperatura',13.06,4),(824,'2022-12-26','2022-12-26 03:00:00.000000','humidade',17.16,4),(825,'2022-12-26','2022-12-26 04:00:00.000000','temperatura',12.48,4),(826,'2022-12-26','2022-12-26 04:00:00.000000','humidade',17.6,4),(827,'2022-12-26','2022-12-26 05:00:00.000000','temperatura',13.12,4),(828,'2022-12-26','2022-12-26 05:00:00.000000','humidade',17.12,4),(829,'2022-12-26','2022-12-26 06:00:00.000000','temperatura',13.98,4),(830,'2022-12-26','2022-12-26 06:00:00.000000','humidade',16.16,4),(831,'2022-12-26','2022-12-26 07:00:00.000000','temperatura',13.66,4),(832,'2022-12-26','2022-12-26 07:00:00.000000','humidade',16.54,4),(833,'2022-12-26','2022-12-26 08:00:00.000000','temperatura',13.84,4),(834,'2022-12-26','2022-12-26 08:00:00.000000','humidade',16.38,4),(835,'2022-12-26','2022-12-26 09:00:00.000000','temperatura',16.16,4),(836,'2022-12-26','2022-12-26 09:00:00.000000','humidade',14.019999999999998,4),(837,'2022-12-26','2022-12-26 10:00:00.000000','temperatura',16.48,4),(838,'2022-12-26','2022-12-26 10:00:00.000000','humidade',13.799999999999999,4),(839,'2022-12-26','2022-12-26 11:00:00.000000','temperatura',16.72,4),(840,'2022-12-26','2022-12-26 11:00:00.000000','humidade',13.34,4),(841,'2022-12-26','2022-12-26 12:00:00.000000','temperatura',17.58,4),(842,'2022-12-26','2022-12-26 12:00:00.000000','humidade',12.660000000000002,4),(843,'2022-12-26','2022-12-26 13:00:00.000000','temperatura',19.16,4),(844,'2022-12-26','2022-12-26 13:00:00.000000','humidade',11.1,4),(845,'2022-12-26','2022-12-26 14:00:00.000000','temperatura',18.06,4),(846,'2022-12-26','2022-12-26 14:00:00.000000','humidade',12.12,4),(847,'2022-12-26','2022-12-26 15:00:00.000000','temperatura',16.18,4),(848,'2022-12-26','2022-12-26 15:00:00.000000','humidade',14.059999999999999,4),(849,'2022-12-26','2022-12-26 16:00:00.000000','temperatura',16.700000000000003,4),(850,'2022-12-26','2022-12-26 16:00:00.000000','humidade',13.439999999999998,4),(851,'2022-12-26','2022-12-26 17:00:00.000000','temperatura',16.74,4),(852,'2022-12-26','2022-12-26 17:00:00.000000','humidade',13.360000000000001,4),(853,'2022-12-26','2022-12-26 18:00:00.000000','temperatura',15.16,4),(854,'2022-12-26','2022-12-26 18:00:00.000000','humidade',15.16,4),(855,'2022-12-26','2022-12-26 19:00:00.000000','temperatura',15.2,4),(856,'2022-12-26','2022-12-26 19:00:00.000000','humidade',15.04,4),(857,'2022-12-26','2022-12-26 20:00:00.000000','temperatura',15.12,4),(858,'2022-12-26','2022-12-26 20:00:00.000000','humidade',15.18,4),(859,'2022-12-26','2022-12-26 21:00:00.000000','temperatura',11.92,4),(860,'2022-12-26','2022-12-26 21:00:00.000000','humidade',18.24,4),(861,'2022-12-26','2022-12-26 22:00:00.000000','temperatura',11.5,4),(862,'2022-12-26','2022-12-26 22:00:00.000000','humidade',18.8,4),(863,'2022-12-26','2022-12-26 23:00:00.000000','temperatura',11.92,4),(864,'2022-12-26','2022-12-26 23:00:00.000000','humidade',18.32,4),(865,'2022-12-27','2022-12-27 00:00:00.000000','temperatura',11.7,4),(866,'2022-12-27','2022-12-27 00:00:00.000000','humidade',18.34,4),(867,'2022-12-27','2022-12-27 01:00:00.000000','temperatura',10.58,4),(868,'2022-12-27','2022-12-27 01:00:00.000000','humidade',19.54,4),(869,'2022-12-27','2022-12-27 02:00:00.000000','temperatura',10.56,4),(870,'2022-12-27','2022-12-27 02:00:00.000000','humidade',19.64,4),(871,'2022-12-27','2022-12-27 03:00:00.000000','temperatura',13,4),(872,'2022-12-27','2022-12-27 03:00:00.000000','humidade',17.16,4),(873,'2022-12-27','2022-12-27 04:00:00.000000','temperatura',12.5,4),(874,'2022-12-27','2022-12-27 04:00:00.000000','humidade',17.68,4),(875,'2022-12-27','2022-12-27 05:00:00.000000','temperatura',13.2,4),(876,'2022-12-27','2022-12-27 05:00:00.000000','humidade',17.16,4),(877,'2022-12-27','2022-12-27 06:00:00.000000','temperatura',13.98,4),(878,'2022-12-27','2022-12-27 06:00:00.000000','humidade',16.26,4),(879,'2022-12-27','2022-12-27 07:00:00.000000','temperatura',13.76,4),(880,'2022-12-27','2022-12-27 07:00:00.000000','humidade',16.4,4),(881,'2022-12-27','2022-12-27 08:00:00.000000','temperatura',13.96,4),(882,'2022-12-27','2022-12-27 08:00:00.000000','humidade',16.24,4),(883,'2022-12-27','2022-12-27 09:00:00.000000','temperatura',16.12,4),(884,'2022-12-27','2022-12-27 09:00:00.000000','humidade',13.899999999999999,4),(885,'2022-12-27','2022-12-27 10:00:00.000000','temperatura',16.5,4),(886,'2022-12-27','2022-12-27 10:00:00.000000','humidade',13.799999999999999,4),(887,'2022-12-27','2022-12-27 11:00:00.000000','temperatura',16.779999999999998,4),(888,'2022-12-27','2022-12-27 11:00:00.000000','humidade',13.42,4),(889,'2022-12-27','2022-12-27 12:00:00.000000','temperatura',17.599999999999998,4),(890,'2022-12-27','2022-12-27 12:00:00.000000','humidade',12.740000000000002,4),(891,'2022-12-27','2022-12-27 13:00:00.000000','temperatura',19.08,4),(892,'2022-12-27','2022-12-27 13:00:00.000000','humidade',11,4),(893,'2022-12-27','2022-12-27 14:00:00.000000','temperatura',18.18,4),(894,'2022-12-27','2022-12-27 14:00:00.000000','humidade',12,4),(895,'2022-12-27','2022-12-27 15:00:00.000000','temperatura',16.220000000000002,4),(896,'2022-12-27','2022-12-27 15:00:00.000000','humidade',13.899999999999999,4),(897,'2022-12-27','2022-12-27 16:00:00.000000','temperatura',16.78,4),(898,'2022-12-27','2022-12-27 16:00:00.000000','humidade',13.519999999999998,4),(899,'2022-12-27','2022-12-27 17:00:00.000000','temperatura',16.7,4),(900,'2022-12-27','2022-12-27 17:00:00.000000','humidade',13.48,4),(901,'2022-12-27','2022-12-27 18:00:00.000000','temperatura',15.16,4),(902,'2022-12-27','2022-12-27 18:00:00.000000','humidade',15.18,4),(903,'2022-12-27','2022-12-27 19:00:00.000000','temperatura',15.06,4),(904,'2022-12-27','2022-12-27 19:00:00.000000','humidade',15.02,4),(905,'2022-12-27','2022-12-27 20:00:00.000000','temperatura',15.16,4),(906,'2022-12-27','2022-12-27 20:00:00.000000','humidade',15.02,4),(907,'2022-12-27','2022-12-27 21:00:00.000000','temperatura',11.98,4),(908,'2022-12-27','2022-12-27 21:00:00.000000','humidade',18.24,4),(909,'2022-12-27','2022-12-27 22:00:00.000000','temperatura',11.58,4),(910,'2022-12-27','2022-12-27 22:00:00.000000','humidade',18.62,4),(911,'2022-12-27','2022-12-27 23:00:00.000000','temperatura',11.82,4),(912,'2022-12-27','2022-12-27 23:00:00.000000','humidade',18.3,4),(913,'2022-12-28','2022-12-28 00:00:00.000000','temperatura',11.799999999999999,4),(914,'2022-12-28','2022-12-28 00:00:00.000000','humidade',18.400000000000002,4),(915,'2022-12-28','2022-12-28 01:00:00.000000','temperatura',10.66,4),(916,'2022-12-28','2022-12-28 01:00:00.000000','humidade',19.6,4),(917,'2022-12-28','2022-12-28 02:00:00.000000','temperatura',10.6,4),(918,'2022-12-28','2022-12-28 02:00:00.000000','humidade',19.68,4),(919,'2022-12-28','2022-12-28 03:00:00.000000','temperatura',13.1,4),(920,'2022-12-28','2022-12-28 03:00:00.000000','humidade',17,4),(921,'2022-12-28','2022-12-28 04:00:00.000000','temperatura',12.52,4),(922,'2022-12-28','2022-12-28 04:00:00.000000','humidade',17.68,4),(923,'2022-12-28','2022-12-28 05:00:00.000000','temperatura',13.16,4),(924,'2022-12-28','2022-12-28 05:00:00.000000','humidade',17.18,4),(925,'2022-12-28','2022-12-28 06:00:00.000000','temperatura',14.1,4),(926,'2022-12-28','2022-12-28 06:00:00.000000','humidade',16.220000000000002,4),(927,'2022-12-28','2022-12-28 07:00:00.000000','temperatura',13.68,4),(928,'2022-12-28','2022-12-28 07:00:00.000000','humidade',16.52,4),(929,'2022-12-28','2022-12-28 08:00:00.000000','temperatura',13.940000000000001,4),(930,'2022-12-28','2022-12-28 08:00:00.000000','humidade',16.2,4),(931,'2022-12-28','2022-12-28 09:00:00.000000','temperatura',16.12,4),(932,'2022-12-28','2022-12-28 09:00:00.000000','humidade',13.979999999999999,4),(933,'2022-12-28','2022-12-28 10:00:00.000000','temperatura',16.48,4),(934,'2022-12-28','2022-12-28 10:00:00.000000','humidade',13.739999999999998,4),(935,'2022-12-28','2022-12-28 11:00:00.000000','temperatura',16.8,4),(936,'2022-12-28','2022-12-28 11:00:00.000000','humidade',13.5,4),(937,'2022-12-28','2022-12-28 12:00:00.000000','temperatura',17.52,4),(938,'2022-12-28','2022-12-28 12:00:00.000000','humidade',12.660000000000002,4),(939,'2022-12-28','2022-12-28 13:00:00.000000','temperatura',19.18,4),(940,'2022-12-28','2022-12-28 13:00:00.000000','humidade',11,4),(941,'2022-12-28','2022-12-28 14:00:00.000000','temperatura',18.12,4),(942,'2022-12-28','2022-12-28 14:00:00.000000','humidade',12,4),(943,'2022-12-28','2022-12-28 15:00:00.000000','temperatura',16.220000000000002,4),(944,'2022-12-28','2022-12-28 15:00:00.000000','humidade',13.939999999999998,4),(945,'2022-12-28','2022-12-28 16:00:00.000000','temperatura',16.6,4),(946,'2022-12-28','2022-12-28 16:00:00.000000','humidade',13.559999999999999,4),(947,'2022-12-28','2022-12-28 17:00:00.000000','temperatura',16.88,4),(948,'2022-12-28','2022-12-28 17:00:00.000000','humidade',13.32,4),(949,'2022-12-28','2022-12-28 18:00:00.000000','temperatura',15.14,4),(950,'2022-12-28','2022-12-28 18:00:00.000000','humidade',15.16,4),(951,'2022-12-28','2022-12-28 19:00:00.000000','temperatura',15.12,4),(952,'2022-12-28','2022-12-28 19:00:00.000000','humidade',15.02,4),(953,'2022-12-28','2022-12-28 20:00:00.000000','temperatura',15.04,4),(954,'2022-12-28','2022-12-28 20:00:00.000000','humidade',15.14,4),(955,'2022-12-28','2022-12-28 21:00:00.000000','temperatura',11.98,4),(956,'2022-12-28','2022-12-28 21:00:00.000000','humidade',18.22,4),(957,'2022-12-28','2022-12-28 22:00:00.000000','temperatura',11.48,4),(958,'2022-12-28','2022-12-28 22:00:00.000000','humidade',18.68,4),(959,'2022-12-28','2022-12-28 23:00:00.000000','temperatura',11.98,4),(960,'2022-12-28','2022-12-28 23:00:00.000000','humidade',18.32,4),(961,'2022-12-29','2022-12-29 00:00:00.000000','temperatura',11.819999999999999,4),(962,'2022-12-29','2022-12-29 00:00:00.000000','humidade',18.400000000000002,4),(963,'2022-12-29','2022-12-29 01:00:00.000000','temperatura',10.52,4),(964,'2022-12-29','2022-12-29 01:00:00.000000','humidade',19.64,4),(965,'2022-12-29','2022-12-29 02:00:00.000000','temperatura',10.56,4),(966,'2022-12-29','2022-12-29 02:00:00.000000','humidade',19.6,4),(967,'2022-12-29','2022-12-29 03:00:00.000000','temperatura',13.12,4),(968,'2022-12-29','2022-12-29 03:00:00.000000','humidade',17.2,4),(969,'2022-12-29','2022-12-29 04:00:00.000000','temperatura',12.5,4),(970,'2022-12-29','2022-12-29 04:00:00.000000','humidade',17.76,4),(971,'2022-12-29','2022-12-29 05:00:00.000000','temperatura',13.06,4),(972,'2022-12-29','2022-12-29 05:00:00.000000','humidade',17.08,4),(973,'2022-12-29','2022-12-29 06:00:00.000000','temperatura',14.1,4),(974,'2022-12-29','2022-12-29 06:00:00.000000','humidade',16.220000000000002,4),(975,'2022-12-29','2022-12-29 07:00:00.000000','temperatura',13.74,4),(976,'2022-12-29','2022-12-29 07:00:00.000000','humidade',16.599999999999998,4),(977,'2022-12-29','2022-12-29 08:00:00.000000','temperatura',13.8,4),(978,'2022-12-29','2022-12-29 08:00:00.000000','humidade',16.34,4),(979,'2022-12-29','2022-12-29 09:00:00.000000','temperatura',16.220000000000002,4),(980,'2022-12-29','2022-12-29 09:00:00.000000','humidade',14.019999999999998,4),(981,'2022-12-29','2022-12-29 10:00:00.000000','temperatura',16.5,4),(982,'2022-12-29','2022-12-29 10:00:00.000000','humidade',13.7,4),(983,'2022-12-29','2022-12-29 11:00:00.000000','temperatura',16.8,4),(984,'2022-12-29','2022-12-29 11:00:00.000000','humidade',13.48,4),(985,'2022-12-29','2022-12-29 12:00:00.000000','temperatura',17.5,4),(986,'2022-12-29','2022-12-29 12:00:00.000000','humidade',12.600000000000001,4),(987,'2022-12-29','2022-12-29 13:00:00.000000','temperatura',19.14,4),(988,'2022-12-29','2022-12-29 13:00:00.000000','humidade',11.2,4),(989,'2022-12-29','2022-12-29 14:00:00.000000','temperatura',18.2,4),(990,'2022-12-29','2022-12-29 14:00:00.000000','humidade',12.14,4),(991,'2022-12-29','2022-12-29 15:00:00.000000','temperatura',16.16,4),(992,'2022-12-29','2022-12-29 15:00:00.000000','humidade',13.919999999999998,4),(993,'2022-12-29','2022-12-29 16:00:00.000000','temperatura',16.740000000000002,4),(994,'2022-12-29','2022-12-29 16:00:00.000000','humidade',13.459999999999999,4),(995,'2022-12-29','2022-12-29 17:00:00.000000','temperatura',16.759999999999998,4),(996,'2022-12-29','2022-12-29 17:00:00.000000','humidade',13.3,4),(997,'2022-12-29','2022-12-29 18:00:00.000000','temperatura',15,4),(998,'2022-12-29','2022-12-29 18:00:00.000000','humidade',15.14,4),(999,'2022-12-29','2022-12-29 19:00:00.000000','temperatura',15.2,4),(1000,'2022-12-29','2022-12-29 19:00:00.000000','humidade',15.02,4),(1001,'2022-12-29','2022-12-29 20:00:00.000000','temperatura',15.18,4),(1002,'2022-12-29','2022-12-29 20:00:00.000000','humidade',15.02,4),(1003,'2022-12-29','2022-12-29 21:00:00.000000','temperatura',11.860000000000001,4),(1004,'2022-12-29','2022-12-29 21:00:00.000000','humidade',18.259999999999998,4),(1005,'2022-12-29','2022-12-29 22:00:00.000000','temperatura',11.52,4),(1006,'2022-12-29','2022-12-29 22:00:00.000000','humidade',18.720000000000002,4),(1007,'2022-12-29','2022-12-29 23:00:00.000000','temperatura',11.9,4),(1008,'2022-12-29','2022-12-29 23:00:00.000000','humidade',18.3,4);
/*!40000 ALTER TABLE `sensor_measurements_quarto` ENABLE KEYS */;
UNLOCK TABLES;

--
-- Table structure for table `sensor_measurements_sala`
--

DROP TABLE IF EXISTS `sensor_measurements_sala`;
/*!40101 SET @saved_cs_client     = @@character_set_client */;
/*!50503 SET character_set_client = utf8mb4 */;
CREATE TABLE `sensor_measurements_sala` (
  `id` int NOT NULL AUTO_INCREMENT,
  `dia` date DEFAULT NULL,
  `stamp` datetime(6) DEFAULT NULL,
  `tipo` varchar(255) DEFAULT NULL,
  `valor` double DEFAULT NULL,
  `id_div` int DEFAULT NULL,
  PRIMARY KEY (`id`),
  KEY `FKbu8k19ihij8g9nql7dasi3i1w` (`id_div`),
  CONSTRAINT `FKbu8k19ihij8g9nql7dasi3i1w` FOREIGN KEY (`id_div`) REFERENCES `divisao` (`id`)
) ENGINE=InnoDB AUTO_INCREMENT=21170 DEFAULT CHARSET=utf8mb4 COLLATE=utf8mb4_0900_ai_ci;
/*!40101 SET character_set_client = @saved_cs_client */;

--
-- Dumping data for table `sensor_measurements_sala`
--

LOCK TABLES `sensor_measurements_sala` WRITE;
/*!40000 ALTER TABLE `sensor_measurements_sala` DISABLE KEYS */;
INSERT INTO `sensor_measurements_sala` VALUES (20834,'2022-12-23','2022-12-23 00:00:00.000000','temperatura',11.719999999999999,1),(20835,'2022-12-23','2022-12-23 00:00:00.000000','humidade',18.48,1),(20836,'2022-12-23','2022-12-23 01:00:00.000000','temperatura',10.5,1),(20837,'2022-12-23','2022-12-23 01:00:00.000000','humidade',19.58,1),(20838,'2022-12-23','2022-12-23 02:00:00.000000','temperatura',10.66,1),(20839,'2022-12-23','2022-12-23 02:00:00.000000','humidade',19.52,1),(20840,'2022-12-23','2022-12-23 03:00:00.000000','temperatura',13.08,1),(20841,'2022-12-23','2022-12-23 03:00:00.000000','humidade',17,1),(20842,'2022-12-23','2022-12-23 04:00:00.000000','temperatura',12.42,1),(20843,'2022-12-23','2022-12-23 04:00:00.000000','humidade',17.8,1),(20844,'2022-12-23','2022-12-23 05:00:00.000000','temperatura',13.14,1),(20845,'2022-12-23','2022-12-23 05:00:00.000000','humidade',17.2,1),(20846,'2022-12-23','2022-12-23 06:00:00.000000','temperatura',14.02,1),(20847,'2022-12-23','2022-12-23 06:00:00.000000','humidade',16.220000000000002,1),(20848,'2022-12-23','2022-12-23 07:00:00.000000','temperatura',13.639999999999999,1),(20849,'2022-12-23','2022-12-23 07:00:00.000000','humidade',16.479999999999997,1),(20850,'2022-12-23','2022-12-23 08:00:00.000000','temperatura',13.98,1),(20851,'2022-12-23','2022-12-23 08:00:00.000000','humidade',16.279999999999998,1),(20852,'2022-12-23','2022-12-23 09:00:00.000000','temperatura',16.220000000000002,1),(20853,'2022-12-23','2022-12-23 09:00:00.000000','humidade',13.899999999999999,1),(20854,'2022-12-23','2022-12-23 10:00:00.000000','temperatura',16.44,1),(20855,'2022-12-23','2022-12-23 10:00:00.000000','humidade',13.879999999999999,1),(20856,'2022-12-23','2022-12-23 11:00:00.000000','temperatura',16.84,1),(20857,'2022-12-23','2022-12-23 11:00:00.000000','humidade',13.48,1),(20858,'2022-12-23','2022-12-23 12:00:00.000000','temperatura',17.56,1),(20859,'2022-12-23','2022-12-23 12:00:00.000000','humidade',12.8,1),(20860,'2022-12-23','2022-12-23 13:00:00.000000','temperatura',19.04,1),(20861,'2022-12-23','2022-12-23 13:00:00.000000','humidade',11.04,1),(20862,'2022-12-23','2022-12-23 14:00:00.000000','temperatura',18,1),(20863,'2022-12-23','2022-12-23 14:00:00.000000','humidade',12.16,1),(20864,'2022-12-23','2022-12-23 15:00:00.000000','temperatura',16.28,1),(20865,'2022-12-23','2022-12-23 15:00:00.000000','humidade',13.939999999999998,1),(20866,'2022-12-23','2022-12-23 16:00:00.000000','temperatura',16.68,1),(20867,'2022-12-23','2022-12-23 16:00:00.000000','humidade',13.439999999999998,1),(20868,'2022-12-23','2022-12-23 17:00:00.000000','temperatura',16.86,1),(20869,'2022-12-23','2022-12-23 17:00:00.000000','humidade',13.48,1),(20870,'2022-12-23','2022-12-23 18:00:00.000000','temperatura',15.04,1),(20871,'2022-12-23','2022-12-23 18:00:00.000000','humidade',15.2,1),(20872,'2022-12-23','2022-12-23 19:00:00.000000','temperatura',15.2,1),(20873,'2022-12-23','2022-12-23 19:00:00.000000','humidade',15.12,1),(20874,'2022-12-23','2022-12-23 20:00:00.000000','temperatura',15.16,1),(20875,'2022-12-23','2022-12-23 20:00:00.000000','humidade',15.18,1),(20876,'2022-12-23','2022-12-23 21:00:00.000000','temperatura',11.96,1),(20877,'2022-12-23','2022-12-23 21:00:00.000000','humidade',18.32,1),(20878,'2022-12-23','2022-12-23 22:00:00.000000','temperatura',11.540000000000001,1),(20879,'2022-12-23','2022-12-23 22:00:00.000000','humidade',18.740000000000002,1),(20880,'2022-12-23','2022-12-23 23:00:00.000000','temperatura',11.88,1),(20881,'2022-12-23','2022-12-23 23:00:00.000000','humidade',18.22,1),(20882,'2022-12-24','2022-12-24 00:00:00.000000','temperatura',11.899999999999999,1),(20883,'2022-12-24','2022-12-24 00:00:00.000000','humidade',18.38,1),(20884,'2022-12-24','2022-12-24 01:00:00.000000','temperatura',10.56,1),(20885,'2022-12-24','2022-12-24 01:00:00.000000','humidade',19.7,1),(20886,'2022-12-24','2022-12-24 02:00:00.000000','temperatura',10.54,1),(20887,'2022-12-24','2022-12-24 02:00:00.000000','humidade',19.66,1),(20888,'2022-12-24','2022-12-24 03:00:00.000000','temperatura',13.06,1),(20889,'2022-12-24','2022-12-24 03:00:00.000000','humidade',17,1),(20890,'2022-12-24','2022-12-24 04:00:00.000000','temperatura',12.540000000000001,1),(20891,'2022-12-24','2022-12-24 04:00:00.000000','humidade',17.6,1),(20892,'2022-12-24','2022-12-24 05:00:00.000000','temperatura',13.2,1),(20893,'2022-12-24','2022-12-24 05:00:00.000000','humidade',17.06,1),(20894,'2022-12-24','2022-12-24 06:00:00.000000','temperatura',14.040000000000001,1),(20895,'2022-12-24','2022-12-24 06:00:00.000000','humidade',16.14,1),(20896,'2022-12-24','2022-12-24 07:00:00.000000','temperatura',13.68,1),(20897,'2022-12-24','2022-12-24 07:00:00.000000','humidade',16.54,1),(20898,'2022-12-24','2022-12-24 08:00:00.000000','temperatura',13.940000000000001,1),(20899,'2022-12-24','2022-12-24 08:00:00.000000','humidade',16.38,1),(20900,'2022-12-24','2022-12-24 09:00:00.000000','temperatura',16.3,1),(20901,'2022-12-24','2022-12-24 09:00:00.000000','humidade',14.019999999999998,1),(20902,'2022-12-24','2022-12-24 10:00:00.000000','temperatura',16.34,1),(20903,'2022-12-24','2022-12-24 10:00:00.000000','humidade',13.739999999999998,1),(20904,'2022-12-24','2022-12-24 11:00:00.000000','temperatura',16.9,1),(20905,'2022-12-24','2022-12-24 11:00:00.000000','humidade',13.46,1),(20906,'2022-12-24','2022-12-24 12:00:00.000000','temperatura',17.4,1),(20907,'2022-12-24','2022-12-24 12:00:00.000000','humidade',12.8,1),(20908,'2022-12-24','2022-12-24 13:00:00.000000','temperatura',19.2,1),(20909,'2022-12-24','2022-12-24 13:00:00.000000','humidade',11.18,1),(20910,'2022-12-24','2022-12-24 14:00:00.000000','temperatura',18.02,1),(20911,'2022-12-24','2022-12-24 14:00:00.000000','humidade',12.02,1),(20912,'2022-12-24','2022-12-24 15:00:00.000000','temperatura',16.28,1),(20913,'2022-12-24','2022-12-24 15:00:00.000000','humidade',14.059999999999999,1),(20914,'2022-12-24','2022-12-24 16:00:00.000000','temperatura',16.76,1),(20915,'2022-12-24','2022-12-24 16:00:00.000000','humidade',13.479999999999999,1),(20916,'2022-12-24','2022-12-24 17:00:00.000000','temperatura',16.88,1),(20917,'2022-12-24','2022-12-24 17:00:00.000000','humidade',13.48,1),(20918,'2022-12-24','2022-12-24 18:00:00.000000','temperatura',15.14,1),(20919,'2022-12-24','2022-12-24 18:00:00.000000','humidade',15.2,1),(20920,'2022-12-24','2022-12-24 19:00:00.000000','temperatura',15.16,1),(20921,'2022-12-24','2022-12-24 19:00:00.000000','humidade',15,1),(20922,'2022-12-24','2022-12-24 20:00:00.000000','temperatura',15.2,1),(20923,'2022-12-24','2022-12-24 20:00:00.000000','humidade',15,1),(20924,'2022-12-24','2022-12-24 21:00:00.000000','temperatura',11.8,1),(20925,'2022-12-24','2022-12-24 21:00:00.000000','humidade',18.3,1),(20926,'2022-12-24','2022-12-24 22:00:00.000000','temperatura',11.52,1),(20927,'2022-12-24','2022-12-24 22:00:00.000000','humidade',18.68,1),(20928,'2022-12-24','2022-12-24 23:00:00.000000','temperatura',11.9,1),(20929,'2022-12-24','2022-12-24 23:00:00.000000','humidade',18.259999999999998,1),(20930,'2022-12-25','2022-12-25 00:00:00.000000','temperatura',11.78,1),(20931,'2022-12-25','2022-12-25 00:00:00.000000','humidade',18.32,1),(20932,'2022-12-25','2022-12-25 01:00:00.000000','temperatura',10.62,1),(20933,'2022-12-25','2022-12-25 01:00:00.000000','humidade',19.54,1),(20934,'2022-12-25','2022-12-25 02:00:00.000000','temperatura',10.64,1),(20935,'2022-12-25','2022-12-25 02:00:00.000000','humidade',19.5,1),(20936,'2022-12-25','2022-12-25 03:00:00.000000','temperatura',13.08,1),(20937,'2022-12-25','2022-12-25 03:00:00.000000','humidade',17.08,1),(20938,'2022-12-25','2022-12-25 04:00:00.000000','temperatura',12.48,1),(20939,'2022-12-25','2022-12-25 04:00:00.000000','humidade',17.76,1),(20940,'2022-12-25','2022-12-25 05:00:00.000000','temperatura',13.2,1),(20941,'2022-12-25','2022-12-25 05:00:00.000000','humidade',17.02,1),(20942,'2022-12-25','2022-12-25 06:00:00.000000','temperatura',13.96,1),(20943,'2022-12-25','2022-12-25 06:00:00.000000','humidade',16.3,1),(20944,'2022-12-25','2022-12-25 07:00:00.000000','temperatura',13.68,1),(20945,'2022-12-25','2022-12-25 07:00:00.000000','humidade',16.419999999999998,1),(20946,'2022-12-25','2022-12-25 08:00:00.000000','temperatura',13.96,1),(20947,'2022-12-25','2022-12-25 08:00:00.000000','humidade',16.4,1),(20948,'2022-12-25','2022-12-25 09:00:00.000000','temperatura',16.240000000000002,1),(20949,'2022-12-25','2022-12-25 09:00:00.000000','humidade',14.04,1),(20950,'2022-12-25','2022-12-25 10:00:00.000000','temperatura',16.44,1),(20951,'2022-12-25','2022-12-25 10:00:00.000000','humidade',13.719999999999999,1),(20952,'2022-12-25','2022-12-25 11:00:00.000000','temperatura',16.8,1),(20953,'2022-12-25','2022-12-25 11:00:00.000000','humidade',13.38,1),(20954,'2022-12-25','2022-12-25 12:00:00.000000','temperatura',17.5,1),(20955,'2022-12-25','2022-12-25 12:00:00.000000','humidade',12.760000000000002,1),(20956,'2022-12-25','2022-12-25 13:00:00.000000','temperatura',19.02,1),(20957,'2022-12-25','2022-12-25 13:00:00.000000','humidade',11,1),(20958,'2022-12-25','2022-12-25 14:00:00.000000','temperatura',18.18,1),(20959,'2022-12-25','2022-12-25 14:00:00.000000','humidade',12,1),(20960,'2022-12-25','2022-12-25 15:00:00.000000','temperatura',16.16,1),(20961,'2022-12-25','2022-12-25 15:00:00.000000','humidade',14.04,1),(20962,'2022-12-25','2022-12-25 16:00:00.000000','temperatura',16.64,1),(20963,'2022-12-25','2022-12-25 16:00:00.000000','humidade',13.439999999999998,1),(20964,'2022-12-25','2022-12-25 17:00:00.000000','temperatura',16.759999999999998,1),(20965,'2022-12-25','2022-12-25 17:00:00.000000','humidade',13.48,1),(20966,'2022-12-25','2022-12-25 18:00:00.000000','temperatura',15.16,1),(20967,'2022-12-25','2022-12-25 18:00:00.000000','humidade',15.08,1),(20968,'2022-12-25','2022-12-25 19:00:00.000000','temperatura',15.16,1),(20969,'2022-12-25','2022-12-25 19:00:00.000000','humidade',15.08,1),(20970,'2022-12-25','2022-12-25 20:00:00.000000','temperatura',15.18,1),(20971,'2022-12-25','2022-12-25 20:00:00.000000','humidade',15.08,1),(20972,'2022-12-25','2022-12-25 21:00:00.000000','temperatura',11.82,1),(20973,'2022-12-25','2022-12-25 21:00:00.000000','humidade',18.259999999999998,1),(20974,'2022-12-25','2022-12-25 22:00:00.000000','temperatura',11.46,1),(20975,'2022-12-25','2022-12-25 22:00:00.000000','humidade',18.78,1),(20976,'2022-12-25','2022-12-25 23:00:00.000000','temperatura',11.860000000000001,1),(20977,'2022-12-25','2022-12-25 23:00:00.000000','humidade',18.259999999999998,1),(20978,'2022-12-26','2022-12-26 00:00:00.000000','temperatura',11.7,1),(20979,'2022-12-26','2022-12-26 00:00:00.000000','humidade',18.38,1),(20980,'2022-12-26','2022-12-26 01:00:00.000000','temperatura',10.54,1),(20981,'2022-12-26','2022-12-26 01:00:00.000000','humidade',19.6,1),(20982,'2022-12-26','2022-12-26 02:00:00.000000','temperatura',10.6,1),(20983,'2022-12-26','2022-12-26 02:00:00.000000','humidade',19.6,1),(20984,'2022-12-26','2022-12-26 03:00:00.000000','temperatura',13.02,1),(20985,'2022-12-26','2022-12-26 03:00:00.000000','humidade',17.12,1),(20986,'2022-12-26','2022-12-26 04:00:00.000000','temperatura',12.52,1),(20987,'2022-12-26','2022-12-26 04:00:00.000000','humidade',17.740000000000002,1),(20988,'2022-12-26','2022-12-26 05:00:00.000000','temperatura',13.02,1),(20989,'2022-12-26','2022-12-26 05:00:00.000000','humidade',17.1,1),(20990,'2022-12-26','2022-12-26 06:00:00.000000','temperatura',13.92,1),(20991,'2022-12-26','2022-12-26 06:00:00.000000','humidade',16.28,1),(20992,'2022-12-26','2022-12-26 07:00:00.000000','temperatura',13.62,1),(20993,'2022-12-26','2022-12-26 07:00:00.000000','humidade',16.419999999999998,1),(20994,'2022-12-26','2022-12-26 08:00:00.000000','temperatura',13.82,1),(20995,'2022-12-26','2022-12-26 08:00:00.000000','humidade',16.3,1),(20996,'2022-12-26','2022-12-26 09:00:00.000000','temperatura',16.1,1),(20997,'2022-12-26','2022-12-26 09:00:00.000000','humidade',13.999999999999998,1),(20998,'2022-12-26','2022-12-26 10:00:00.000000','temperatura',16.36,1),(20999,'2022-12-26','2022-12-26 10:00:00.000000','humidade',13.86,1),(21000,'2022-12-26','2022-12-26 11:00:00.000000','temperatura',16.779999999999998,1),(21001,'2022-12-26','2022-12-26 11:00:00.000000','humidade',13.38,1),(21002,'2022-12-26','2022-12-26 12:00:00.000000','temperatura',17.58,1),(21003,'2022-12-26','2022-12-26 12:00:00.000000','humidade',12.600000000000001,1),(21004,'2022-12-26','2022-12-26 13:00:00.000000','temperatura',19.18,1),(21005,'2022-12-26','2022-12-26 13:00:00.000000','humidade',11.02,1),(21006,'2022-12-26','2022-12-26 14:00:00.000000','temperatura',18.02,1),(21007,'2022-12-26','2022-12-26 14:00:00.000000','humidade',12.2,1),(21008,'2022-12-26','2022-12-26 15:00:00.000000','temperatura',16.3,1),(21009,'2022-12-26','2022-12-26 15:00:00.000000','humidade',14.059999999999999,1),(21010,'2022-12-26','2022-12-26 16:00:00.000000','temperatura',16.700000000000003,1),(21011,'2022-12-26','2022-12-26 16:00:00.000000','humidade',13.599999999999998,1),(21012,'2022-12-26','2022-12-26 17:00:00.000000','temperatura',16.82,1),(21013,'2022-12-26','2022-12-26 17:00:00.000000','humidade',13.360000000000001,1),(21014,'2022-12-26','2022-12-26 18:00:00.000000','temperatura',15.14,1),(21015,'2022-12-26','2022-12-26 18:00:00.000000','humidade',15.2,1),(21016,'2022-12-26','2022-12-26 19:00:00.000000','temperatura',15.14,1),(21017,'2022-12-26','2022-12-26 19:00:00.000000','humidade',15.1,1),(21018,'2022-12-26','2022-12-26 20:00:00.000000','temperatura',15,1),(21019,'2022-12-26','2022-12-26 20:00:00.000000','humidade',15.04,1),(21020,'2022-12-26','2022-12-26 21:00:00.000000','temperatura',11.82,1),(21021,'2022-12-26','2022-12-26 21:00:00.000000','humidade',18.3,1),(21022,'2022-12-26','2022-12-26 22:00:00.000000','temperatura',11.48,1),(21023,'2022-12-26','2022-12-26 22:00:00.000000','humidade',18.68,1),(21024,'2022-12-26','2022-12-26 23:00:00.000000','temperatura',11.9,1),(21025,'2022-12-26','2022-12-26 23:00:00.000000','humidade',18.259999999999998,1),(21026,'2022-12-27','2022-12-27 00:00:00.000000','temperatura',11.719999999999999,1),(21027,'2022-12-27','2022-12-27 00:00:00.000000','humidade',18.3,1),(21028,'2022-12-27','2022-12-27 01:00:00.000000','temperatura',10.5,1),(21029,'2022-12-27','2022-12-27 01:00:00.000000','humidade',19.7,1),(21030,'2022-12-27','2022-12-27 02:00:00.000000','temperatura',10.56,1),(21031,'2022-12-27','2022-12-27 02:00:00.000000','humidade',19.62,1),(21032,'2022-12-27','2022-12-27 03:00:00.000000','temperatura',13.06,1),(21033,'2022-12-27','2022-12-27 03:00:00.000000','humidade',17.08,1),(21034,'2022-12-27','2022-12-27 04:00:00.000000','temperatura',12.56,1),(21035,'2022-12-27','2022-12-27 04:00:00.000000','humidade',17.700000000000003,1),(21036,'2022-12-27','2022-12-27 05:00:00.000000','temperatura',13.04,1),(21037,'2022-12-27','2022-12-27 05:00:00.000000','humidade',17.08,1),(21038,'2022-12-27','2022-12-27 06:00:00.000000','temperatura',13.92,1),(21039,'2022-12-27','2022-12-27 06:00:00.000000','humidade',16.28,1),(21040,'2022-12-27','2022-12-27 07:00:00.000000','temperatura',13.639999999999999,1),(21041,'2022-12-27','2022-12-27 07:00:00.000000','humidade',16.4,1),(21042,'2022-12-27','2022-12-27 08:00:00.000000','temperatura',13.84,1),(21043,'2022-12-27','2022-12-27 08:00:00.000000','humidade',16.32,1),(21044,'2022-12-27','2022-12-27 09:00:00.000000','temperatura',16.16,1),(21045,'2022-12-27','2022-12-27 09:00:00.000000','humidade',14.04,1),(21046,'2022-12-27','2022-12-27 10:00:00.000000','temperatura',16.36,1),(21047,'2022-12-27','2022-12-27 10:00:00.000000','humidade',13.86,1),(21048,'2022-12-27','2022-12-27 11:00:00.000000','temperatura',16.779999999999998,1),(21049,'2022-12-27','2022-12-27 11:00:00.000000','humidade',13.34,1),(21050,'2022-12-27','2022-12-27 12:00:00.000000','temperatura',17.439999999999998,1),(21051,'2022-12-27','2022-12-27 12:00:00.000000','humidade',12.780000000000001,1),(21052,'2022-12-27','2022-12-27 13:00:00.000000','temperatura',19.06,1),(21053,'2022-12-27','2022-12-27 13:00:00.000000','humidade',11.08,1),(21054,'2022-12-27','2022-12-27 14:00:00.000000','temperatura',18,1),(21055,'2022-12-27','2022-12-27 14:00:00.000000','humidade',12.06,1),(21056,'2022-12-27','2022-12-27 15:00:00.000000','temperatura',16.16,1),(21057,'2022-12-27','2022-12-27 15:00:00.000000','humidade',13.999999999999998,1),(21058,'2022-12-27','2022-12-27 16:00:00.000000','temperatura',16.66,1),(21059,'2022-12-27','2022-12-27 16:00:00.000000','humidade',13.459999999999999,1),(21060,'2022-12-27','2022-12-27 17:00:00.000000','temperatura',16.72,1),(21061,'2022-12-27','2022-12-27 17:00:00.000000','humidade',13.38,1),(21062,'2022-12-27','2022-12-27 18:00:00.000000','temperatura',15,1),(21063,'2022-12-27','2022-12-27 18:00:00.000000','humidade',15,1),(21064,'2022-12-27','2022-12-27 19:00:00.000000','temperatura',15.02,1),(21065,'2022-12-27','2022-12-27 19:00:00.000000','humidade',15.16,1),(21066,'2022-12-27','2022-12-27 20:00:00.000000','temperatura',15,1),(21067,'2022-12-27','2022-12-27 20:00:00.000000','humidade',15.16,1),(21068,'2022-12-27','2022-12-27 21:00:00.000000','temperatura',11.82,1),(21069,'2022-12-27','2022-12-27 21:00:00.000000','humidade',18.4,1),(21070,'2022-12-27','2022-12-27 22:00:00.000000','temperatura',11.4,1),(21071,'2022-12-27','2022-12-27 22:00:00.000000','humidade',18.700000000000003,1),(21072,'2022-12-27','2022-12-27 23:00:00.000000','temperatura',11.940000000000001,1),(21073,'2022-12-27','2022-12-27 23:00:00.000000','humidade',18.22,1),(21074,'2022-12-28','2022-12-28 00:00:00.000000','temperatura',11.739999999999998,1),(21075,'2022-12-28','2022-12-28 00:00:00.000000','humidade',18.32,1),(21076,'2022-12-28','2022-12-28 01:00:00.000000','temperatura',10.66,1),(21077,'2022-12-28','2022-12-28 01:00:00.000000','humidade',19.66,1),(21078,'2022-12-28','2022-12-28 02:00:00.000000','temperatura',10.66,1),(21079,'2022-12-28','2022-12-28 02:00:00.000000','humidade',19.7,1),(21080,'2022-12-28','2022-12-28 03:00:00.000000','temperatura',13.06,1),(21081,'2022-12-28','2022-12-28 03:00:00.000000','humidade',17.18,1),(21082,'2022-12-28','2022-12-28 04:00:00.000000','temperatura',12.4,1),(21083,'2022-12-28','2022-12-28 04:00:00.000000','humidade',17.64,1),(21084,'2022-12-28','2022-12-28 05:00:00.000000','temperatura',13.2,1),(21085,'2022-12-28','2022-12-28 05:00:00.000000','humidade',17.1,1),(21086,'2022-12-28','2022-12-28 06:00:00.000000','temperatura',14.08,1),(21087,'2022-12-28','2022-12-28 06:00:00.000000','humidade',16.18,1),(21088,'2022-12-28','2022-12-28 07:00:00.000000','temperatura',13.719999999999999,1),(21089,'2022-12-28','2022-12-28 07:00:00.000000','humidade',16.479999999999997,1),(21090,'2022-12-28','2022-12-28 08:00:00.000000','temperatura',13.860000000000001,1),(21091,'2022-12-28','2022-12-28 08:00:00.000000','humidade',16.36,1),(21092,'2022-12-28','2022-12-28 09:00:00.000000','temperatura',16.18,1),(21093,'2022-12-28','2022-12-28 09:00:00.000000','humidade',14.059999999999999,1),(21094,'2022-12-28','2022-12-28 10:00:00.000000','temperatura',16.38,1),(21095,'2022-12-28','2022-12-28 10:00:00.000000','humidade',13.76,1),(21096,'2022-12-28','2022-12-28 11:00:00.000000','temperatura',16.88,1),(21097,'2022-12-28','2022-12-28 11:00:00.000000','humidade',13.46,1),(21098,'2022-12-28','2022-12-28 12:00:00.000000','temperatura',17.439999999999998,1),(21099,'2022-12-28','2022-12-28 12:00:00.000000','humidade',12.740000000000002,1),(21100,'2022-12-28','2022-12-28 13:00:00.000000','temperatura',19.08,1),(21101,'2022-12-28','2022-12-28 13:00:00.000000','humidade',11.02,1),(21102,'2022-12-28','2022-12-28 14:00:00.000000','temperatura',18.1,1),(21103,'2022-12-28','2022-12-28 14:00:00.000000','humidade',12.08,1),(21104,'2022-12-28','2022-12-28 15:00:00.000000','temperatura',16.14,1),(21105,'2022-12-28','2022-12-28 15:00:00.000000','humidade',14.059999999999999,1),(21106,'2022-12-28','2022-12-28 16:00:00.000000','temperatura',16.68,1),(21107,'2022-12-28','2022-12-28 16:00:00.000000','humidade',13.54,1),(21108,'2022-12-28','2022-12-28 17:00:00.000000','temperatura',16.72,1),(21109,'2022-12-28','2022-12-28 17:00:00.000000','humidade',13.46,1),(21110,'2022-12-28','2022-12-28 18:00:00.000000','temperatura',15.04,1),(21111,'2022-12-28','2022-12-28 18:00:00.000000','humidade',15.06,1),(21112,'2022-12-28','2022-12-28 19:00:00.000000','temperatura',15.02,1),(21113,'2022-12-28','2022-12-28 19:00:00.000000','humidade',15.2,1),(21114,'2022-12-28','2022-12-28 20:00:00.000000','temperatura',15.12,1),(21115,'2022-12-28','2022-12-28 20:00:00.000000','humidade',15.04,1),(21116,'2022-12-28','2022-12-28 21:00:00.000000','temperatura',11.84,1),(21117,'2022-12-28','2022-12-28 21:00:00.000000','humidade',18.34,1),(21118,'2022-12-28','2022-12-28 22:00:00.000000','temperatura',11.42,1),(21119,'2022-12-28','2022-12-28 22:00:00.000000','humidade',18.700000000000003,1),(21120,'2022-12-28','2022-12-28 23:00:00.000000','temperatura',11.9,1),(21121,'2022-12-28','2022-12-28 23:00:00.000000','humidade',18.3,1),(21122,'2022-12-29','2022-12-29 00:00:00.000000','temperatura',11.76,1),(21123,'2022-12-29','2022-12-29 00:00:00.000000','humidade',18.36,1),(21124,'2022-12-29','2022-12-29 01:00:00.000000','temperatura',10.6,1),(21125,'2022-12-29','2022-12-29 01:00:00.000000','humidade',19.7,1),(21126,'2022-12-29','2022-12-29 02:00:00.000000','temperatura',10.54,1),(21127,'2022-12-29','2022-12-29 02:00:00.000000','humidade',19.58,1),(21128,'2022-12-29','2022-12-29 03:00:00.000000','temperatura',13.12,1),(21129,'2022-12-29','2022-12-29 03:00:00.000000','humidade',17.1,1),(21130,'2022-12-29','2022-12-29 04:00:00.000000','temperatura',12.46,1),(21131,'2022-12-29','2022-12-29 04:00:00.000000','humidade',17.62,1),(21132,'2022-12-29','2022-12-29 05:00:00.000000','temperatura',13.16,1),(21133,'2022-12-29','2022-12-29 05:00:00.000000','humidade',17.08,1),(21134,'2022-12-29','2022-12-29 06:00:00.000000','temperatura',14.1,1),(21135,'2022-12-29','2022-12-29 06:00:00.000000','humidade',16.3,1),(21136,'2022-12-29','2022-12-29 07:00:00.000000','temperatura',13.719999999999999,1),(21137,'2022-12-29','2022-12-29 07:00:00.000000','humidade',16.58,1),(21138,'2022-12-29','2022-12-29 08:00:00.000000','temperatura',13.88,1),(21139,'2022-12-29','2022-12-29 08:00:00.000000','humidade',16.24,1),(21140,'2022-12-29','2022-12-29 09:00:00.000000','temperatura',16.200000000000003,1),(21141,'2022-12-29','2022-12-29 09:00:00.000000','humidade',13.899999999999999,1),(21142,'2022-12-29','2022-12-29 10:00:00.000000','temperatura',16.48,1),(21143,'2022-12-29','2022-12-29 10:00:00.000000','humidade',13.86,1),(21144,'2022-12-29','2022-12-29 11:00:00.000000','temperatura',16.759999999999998,1),(21145,'2022-12-29','2022-12-29 11:00:00.000000','humidade',13.440000000000001,1),(21146,'2022-12-29','2022-12-29 12:00:00.000000','temperatura',17.439999999999998,1),(21147,'2022-12-29','2022-12-29 12:00:00.000000','humidade',12.64,1),(21148,'2022-12-29','2022-12-29 13:00:00.000000','temperatura',19,1),(21149,'2022-12-29','2022-12-29 13:00:00.000000','humidade',11.18,1),(21150,'2022-12-29','2022-12-29 14:00:00.000000','temperatura',18.18,1),(21151,'2022-12-29','2022-12-29 14:00:00.000000','humidade',12.12,1),(21152,'2022-12-29','2022-12-29 15:00:00.000000','temperatura',16.18,1),(21153,'2022-12-29','2022-12-29 15:00:00.000000','humidade',14.059999999999999,1),(21154,'2022-12-29','2022-12-29 16:00:00.000000','temperatura',16.62,1),(21155,'2022-12-29','2022-12-29 16:00:00.000000','humidade',13.559999999999999,1),(21156,'2022-12-29','2022-12-29 17:00:00.000000','temperatura',16.84,1),(21157,'2022-12-29','2022-12-29 17:00:00.000000','humidade',13.48,1),(21158,'2022-12-29','2022-12-29 18:00:00.000000','temperatura',15.12,1),(21159,'2022-12-29','2022-12-29 18:00:00.000000','humidade',15.06,1),(21160,'2022-12-29','2022-12-29 19:00:00.000000','temperatura',15.18,1),(21161,'2022-12-29','2022-12-29 19:00:00.000000','humidade',15.2,1),(21162,'2022-12-29','2022-12-29 20:00:00.000000','temperatura',15,1),(21163,'2022-12-29','2022-12-29 20:00:00.000000','humidade',15.06,1),(21164,'2022-12-29','2022-12-29 21:00:00.000000','temperatura',11.940000000000001,1),(21165,'2022-12-29','2022-12-29 21:00:00.000000','humidade',18.259999999999998,1),(21166,'2022-12-29','2022-12-29 22:00:00.000000','temperatura',11.4,1),(21167,'2022-12-29','2022-12-29 22:00:00.000000','humidade',18.62,1),(21168,'2022-12-29','2022-12-29 23:00:00.000000','temperatura',11.9,1),(21169,'2022-12-29','2022-12-29 23:00:00.000000','humidade',18.36,1);
/*!40000 ALTER TABLE `sensor_measurements_sala` ENABLE KEYS */;
UNLOCK TABLES;

--
-- Table structure for table `sensors`
--

DROP TABLE IF EXISTS `sensors`;
/*!40101 SET @saved_cs_client     = @@character_set_client */;
/*!50503 SET character_set_client = utf8mb4 */;
CREATE TABLE `sensors` (
  `id` int NOT NULL AUTO_INCREMENT,
  `generator_type` int NOT NULL,
  `division_id` int NOT NULL,
  PRIMARY KEY (`id`),
  KEY `FK36ygvj9c1dlfq9t7r8lcw1ke4` (`division_id`),
  CONSTRAINT `FK36ygvj9c1dlfq9t7r8lcw1ke4` FOREIGN KEY (`division_id`) REFERENCES `divisao` (`id`)
) ENGINE=InnoDB AUTO_INCREMENT=19 DEFAULT CHARSET=utf8mb4 COLLATE=utf8mb4_0900_ai_ci;
/*!40101 SET character_set_client = @saved_cs_client */;

--
-- Dumping data for table `sensors`
--

LOCK TABLES `sensors` WRITE;
/*!40000 ALTER TABLE `sensors` DISABLE KEYS */;
/*!40000 ALTER TABLE `sensors` ENABLE KEYS */;
UNLOCK TABLES;

--
-- Table structure for table `tomada`
--

DROP TABLE IF EXISTS `tomada`;
/*!40101 SET @saved_cs_client     = @@character_set_client */;
/*!50503 SET character_set_client = utf8mb4 */;
CREATE TABLE `tomada` (
  `nome` varchar(255) NOT NULL,
  `id` int NOT NULL,
  PRIMARY KEY (`id`),
  CONSTRAINT `FK1tq5dupss78s3scep7mpsjxi8` FOREIGN KEY (`id`) REFERENCES `dispositivo` (`id`)
) ENGINE=InnoDB DEFAULT CHARSET=utf8mb4 COLLATE=utf8mb4_0900_ai_ci;
/*!40101 SET character_set_client = @saved_cs_client */;

--
-- Dumping data for table `tomada`
--

LOCK TABLES `tomada` WRITE;
/*!40000 ALTER TABLE `tomada` DISABLE KEYS */;
INSERT INTO `tomada` VALUES ('Máquina aeróbica',1),('PlayStation 5',2),('Televisão LG OLED',6),('Aquário',7),('Frigorifico',8),('Microondas',9),('Máquina de Café',12),('Tostadeira',13),('Forno',14),('Ecrã',17),('Televisão',18),('Computador',21),('Rádio XS-1',65);
/*!40000 ALTER TABLE `tomada` ENABLE KEYS */;
UNLOCK TABLES;

--
-- Table structure for table `utilizador`
--

DROP TABLE IF EXISTS `utilizador`;
/*!40101 SET @saved_cs_client     = @@character_set_client */;
/*!50503 SET character_set_client = utf8mb4 */;
CREATE TABLE `utilizador` (
  `id` int NOT NULL AUTO_INCREMENT,
  `email` varchar(255) NOT NULL,
  `is_admin` bit(1) NOT NULL,
  `nome` varchar(255) NOT NULL,
  `password` varchar(255) NOT NULL,
  `id_casa` int DEFAULT NULL,
  `profile_image` varchar(255) DEFAULT NULL,
  PRIMARY KEY (`id`),
  UNIQUE KEY `UK_eougu510uft70icifeafv6cll` (`email`),
  KEY `FKs869r2e0pk8ym2ceos208xepd` (`id_casa`),
  CONSTRAINT `FKs869r2e0pk8ym2ceos208xepd` FOREIGN KEY (`id_casa`) REFERENCES `casa` (`id`)
) ENGINE=InnoDB AUTO_INCREMENT=11 DEFAULT CHARSET=utf8mb4 COLLATE=utf8mb4_0900_ai_ci;
/*!40101 SET character_set_client = @saved_cs_client */;

--
-- Dumping data for table `utilizador`
--

LOCK TABLES `utilizador` WRITE;
/*!40000 ALTER TABLE `utilizador` DISABLE KEYS */;
INSERT INTO `utilizador` VALUES (1,'alberto.matias000@gmail.com',_binary '','Alberto Matias','$2a$10$eynhZY/i2UZXM74HDkZUZu01nUschMFysGTzDDe93O2Zhtp1puq16',1,NULL),(2,'susana.mendes000@gmail.com',_binary '\0','Susana Mendes','$2a$10$3EnOTynp7Bj0riBgYTrfG.GPj/2nDItkOe0oD9iAtbg3DKztfl/aS',1,NULL);
/*!40000 ALTER TABLE `utilizador` ENABLE KEYS */;
UNLOCK TABLES;
/*!40103 SET TIME_ZONE=@OLD_TIME_ZONE */;

/*!40101 SET SQL_MODE=@OLD_SQL_MODE */;
/*!40014 SET FOREIGN_KEY_CHECKS=@OLD_FOREIGN_KEY_CHECKS */;
/*!40014 SET UNIQUE_CHECKS=@OLD_UNIQUE_CHECKS */;
/*!40101 SET CHARACTER_SET_CLIENT=@OLD_CHARACTER_SET_CLIENT */;
/*!40101 SET CHARACTER_SET_RESULTS=@OLD_CHARACTER_SET_RESULTS */;
/*!40101 SET COLLATION_CONNECTION=@OLD_COLLATION_CONNECTION */;
/*!40111 SET SQL_NOTES=@OLD_SQL_NOTES */;

-- Dump completed on 2022-12-30 17:56:20
